ARI,Method,Hierarchy,Dropouts
0.6753337,SC3,Pollen1,With
0.6753337,SC3,Pollen1,With
0.6753337,SC3,Pollen1,With
0.6753337,SC3,Pollen1,With
0.6753337,SC3,Pollen1,With
0.6753337,SC3,Pollen1,With
0.6753337,SC3,Pollen1,With
0.6753337,SC3,Pollen1,With
0.6753337,SC3,Pollen1,With
0.6753337,SC3,Pollen1,With
0.6753337,SC3,Pollen1,With
0.6753337,SC3,Pollen1,With
0.4231732,SC3,Pollen1,With
0.6753337,SC3,Pollen1,With
0.4231732,SC3,Pollen1,With
0.6753337,SC3,Pollen1,With
0.6753337,SC3,Pollen1,With
0.6753337,SC3,Pollen1,With
0.6753337,SC3,Pollen1,With
0.4231732,SC3,Pollen1,With
0.6753337,SC3,Pollen1,With
0.6753337,SC3,Pollen1,With
0.6753337,SC3,Pollen1,With
0.6753337,SC3,Pollen1,With
0.6753337,SC3,Pollen1,With
0.6753337,SC3,Pollen1,With
0.6753337,SC3,Pollen1,With
0.6753337,SC3,Pollen1,With
0.6753337,SC3,Pollen1,With
0.4231732,SC3,Pollen1,With
0.3828124,SC3,Pollen1,With
0.4753295,SC3,Pollen1,With
0.4231732,SC3,Pollen1,With
0.6753337,SC3,Pollen1,With
0.6753337,SC3,Pollen1,With
0.6753337,SC3,Pollen1,With
0.7086876,SC3,Pollen1,With
0.6753337,SC3,Pollen1,With
0.6753337,SC3,Pollen1,With
0.3966647,SC3,Pollen1,With
0.4231732,SC3,Pollen1,With
0.4231732,SC3,Pollen1,With
0.6753337,SC3,Pollen1,With
0.6753337,SC3,Pollen1,With
0.6753337,SC3,Pollen1,With
0.6753337,SC3,Pollen1,With
0.6753337,SC3,Pollen1,With
0.6753337,SC3,Pollen1,With
0.4231732,SC3,Pollen1,With
0.4873099,SC3,Pollen1,With
0.4438857,SC3,Pollen1,With
0.6753337,SC3,Pollen1,With
0.6753337,SC3,Pollen1,With
0.6753337,SC3,Pollen1,With
0.4231732,SC3,Pollen1,With
0.6753337,SC3,Pollen1,With
0.4231732,SC3,Pollen1,With
0.3828124,SC3,Pollen1,With
0.4438857,SC3,Pollen1,With
0.4438857,SC3,Pollen1,With
0.6753337,SC3,Pollen1,With
0.6753337,SC3,Pollen1,With
0.6753337,SC3,Pollen1,With
0.3828124,SC3,Pollen1,With
0.6753337,SC3,Pollen1,With
0.6753337,SC3,Pollen1,With
0.6753337,SC3,Pollen1,With
0.4231732,SC3,Pollen1,With
0.6753337,SC3,Pollen1,With
0.3828124,SC3,Pollen1,With
0.4231732,SC3,Pollen1,With
0.4438857,SC3,Pollen1,With
0.6753337,SC3,Pollen1,With
0.6753337,SC3,Pollen1,With
0.6753337,SC3,Pollen1,With
0.6753337,SC3,Pollen1,With
0.4231732,SC3,Pollen1,With
0.7086876,SC3,Pollen1,With
0.4231732,SC3,Pollen1,With
0.6753337,SC3,Pollen1,With
0.4231732,SC3,Pollen1,With
0.4438857,SC3,Pollen1,With
0.4231732,SC3,Pollen1,With
0.6753337,SC3,Pollen1,With
0.6753337,SC3,Pollen1,With
0.4231732,SC3,Pollen1,With
0.4231732,SC3,Pollen1,With
0.3828124,SC3,Pollen1,With
0.6753337,SC3,Pollen1,With
0.4231732,SC3,Pollen1,With
0.3828124,SC3,Pollen1,With
0.6753337,SC3,Pollen1,With
0.6753337,SC3,Pollen1,With
0.6753337,SC3,Pollen1,With
0.6753337,SC3,Pollen1,With
0.4231732,SC3,Pollen1,With
0.6753337,SC3,Pollen1,With
0.6753337,SC3,Pollen1,With
0.6753337,SC3,Pollen1,With
0.6753337,SC3,Pollen1,With
0.9580583,SC3,Pollen2,With
0.9582862,SC3,Pollen2,With
0.9580583,SC3,Pollen2,With
0.9580583,SC3,Pollen2,With
0.9580583,SC3,Pollen2,With
0.9580583,SC3,Pollen2,With
0.9580583,SC3,Pollen2,With
0.9580583,SC3,Pollen2,With
0.9580583,SC3,Pollen2,With
0.9580583,SC3,Pollen2,With
0.9580583,SC3,Pollen2,With
0.9580583,SC3,Pollen2,With
0.9580583,SC3,Pollen2,With
0.9580583,SC3,Pollen2,With
0.9580583,SC3,Pollen2,With
0.9580583,SC3,Pollen2,With
0.9580583,SC3,Pollen2,With
0.9580583,SC3,Pollen2,With
0.9580583,SC3,Pollen2,With
0.9582862,SC3,Pollen2,With
0.9580583,SC3,Pollen2,With
0.9580583,SC3,Pollen2,With
0.9580583,SC3,Pollen2,With
0.9580583,SC3,Pollen2,With
0.9580583,SC3,Pollen2,With
0.9580583,SC3,Pollen2,With
0.9580583,SC3,Pollen2,With
0.9580583,SC3,Pollen2,With
0.9580583,SC3,Pollen2,With
0.9580583,SC3,Pollen2,With
0.9580583,SC3,Pollen2,With
0.9580583,SC3,Pollen2,With
0.9580583,SC3,Pollen2,With
0.9582862,SC3,Pollen2,With
0.9580583,SC3,Pollen2,With
0.9580583,SC3,Pollen2,With
0.9580583,SC3,Pollen2,With
0.9580583,SC3,Pollen2,With
0.9580583,SC3,Pollen2,With
0.9580583,SC3,Pollen2,With
0.9580583,SC3,Pollen2,With
0.9580583,SC3,Pollen2,With
0.9580583,SC3,Pollen2,With
0.9582862,SC3,Pollen2,With
0.9580583,SC3,Pollen2,With
0.9580583,SC3,Pollen2,With
0.9580583,SC3,Pollen2,With
0.9580583,SC3,Pollen2,With
0.9582862,SC3,Pollen2,With
0.9582862,SC3,Pollen2,With
0.9580583,SC3,Pollen2,With
0.9580583,SC3,Pollen2,With
0.9580583,SC3,Pollen2,With
0.9580583,SC3,Pollen2,With
0.9580583,SC3,Pollen2,With
0.9580583,SC3,Pollen2,With
0.9580583,SC3,Pollen2,With
0.9582862,SC3,Pollen2,With
0.9582862,SC3,Pollen2,With
0.9580583,SC3,Pollen2,With
0.9582862,SC3,Pollen2,With
0.9580583,SC3,Pollen2,With
0.9580583,SC3,Pollen2,With
0.9580583,SC3,Pollen2,With
0.9582862,SC3,Pollen2,With
0.9582862,SC3,Pollen2,With
0.9580583,SC3,Pollen2,With
0.9580583,SC3,Pollen2,With
0.9580583,SC3,Pollen2,With
0.9580583,SC3,Pollen2,With
0.9582862,SC3,Pollen2,With
0.9580583,SC3,Pollen2,With
0.9582862,SC3,Pollen2,With
0.9580583,SC3,Pollen2,With
0.9580583,SC3,Pollen2,With
0.9580583,SC3,Pollen2,With
0.9580583,SC3,Pollen2,With
0.9580583,SC3,Pollen2,With
0.9580583,SC3,Pollen2,With
0.9580583,SC3,Pollen2,With
0.9580583,SC3,Pollen2,With
0.9580583,SC3,Pollen2,With
0.9582862,SC3,Pollen2,With
0.9580583,SC3,Pollen2,With
0.9582862,SC3,Pollen2,With
0.9582862,SC3,Pollen2,With
0.9580583,SC3,Pollen2,With
0.9580583,SC3,Pollen2,With
0.9580583,SC3,Pollen2,With
0.9580583,SC3,Pollen2,With
0.9580583,SC3,Pollen2,With
0.9580583,SC3,Pollen2,With
0.9580583,SC3,Pollen2,With
0.9582862,SC3,Pollen2,With
0.9580583,SC3,Pollen2,With
0.9580583,SC3,Pollen2,With
0.9580583,SC3,Pollen2,With
0.9580583,SC3,Pollen2,With
0.9582862,SC3,Pollen2,With
0.9580583,SC3,Pollen2,With
0.9206223,SC3,Usoskin1,With
0.8200697,SC3,Usoskin1,With
0.9233791,SC3,Usoskin1,With
0.9226908,SC3,Usoskin1,With
0.9576217,SC3,Usoskin1,With
0.9123021,SC3,Usoskin1,With
0.8410635,SC3,Usoskin1,With
0.9070098,SC3,Usoskin1,With
0.9206223,SC3,Usoskin1,With
0.9143389,SC3,Usoskin1,With
0.8394285,SC3,Usoskin1,With
0.9293986,SC3,Usoskin1,With
0.9293696,SC3,Usoskin1,With
0.9123947,SC3,Usoskin1,With
0.9026381,SC3,Usoskin1,With
0.8345307,SC3,Usoskin1,With
0.9312213,SC3,Usoskin1,With
0.9206223,SC3,Usoskin1,With
0.9205297,SC3,Usoskin1,With
0.9070807,SC3,Usoskin1,With
0.9233791,SC3,Usoskin1,With
0.9162359,SC3,Usoskin1,With
0.8200697,SC3,Usoskin1,With
0.9317865,SC3,Usoskin1,With
0.9317865,SC3,Usoskin1,With
0.9182249,SC3,Usoskin1,With
0.9269139,SC3,Usoskin1,With
0.923597,SC3,Usoskin1,With
0.82011,SC3,Usoskin1,With
0.9615866,SC3,Usoskin1,With
0.923288,SC3,Usoskin1,With
0.9254602,SC3,Usoskin1,With
0.8394285,SC3,Usoskin1,With
0.9273381,SC3,Usoskin1,With
0.8425367,SC3,Usoskin1,With
0.9484433,SC3,Usoskin1,With
0.9206223,SC3,Usoskin1,With
0.9303288,SC3,Usoskin1,With
0.9317865,SC3,Usoskin1,With
0.9293986,SC3,Usoskin1,With
0.9154149,SC3,Usoskin1,With
0.923597,SC3,Usoskin1,With
0.9126357,SC3,Usoskin1,With
0.9206214,SC3,Usoskin1,With
0.9408299,SC3,Usoskin1,With
0.9318756,SC3,Usoskin1,With
0.9018277,SC3,Usoskin1,With
0.8200697,SC3,Usoskin1,With
0.9280835,SC3,Usoskin1,With
0.8313804,SC3,Usoskin1,With
0.9317865,SC3,Usoskin1,With
0.9262032,SC3,Usoskin1,With
0.9297085,SC3,Usoskin1,With
0.9575797,SC3,Usoskin1,With
0.9206223,SC3,Usoskin1,With
0.9402056,SC3,Usoskin1,With
0.9465927,SC3,Usoskin1,With
0.9232002,SC3,Usoskin1,With
0.9232002,SC3,Usoskin1,With
0.9096366,SC3,Usoskin1,With
0.9256013,SC3,Usoskin1,With
0.9261588,SC3,Usoskin1,With
0.9048575,SC3,Usoskin1,With
0.8198235,SC3,Usoskin1,With
0.8134448,SC3,Usoskin1,With
0.9233791,SC3,Usoskin1,With
0.8413016,SC3,Usoskin1,With
0.9206223,SC3,Usoskin1,With
0.9206223,SC3,Usoskin1,With
0.8394285,SC3,Usoskin1,With
0.8136585,SC3,Usoskin1,With
0.9379722,SC3,Usoskin1,With
0.9123021,SC3,Usoskin1,With
0.8631459,SC3,Usoskin1,With
0.8258825,SC3,Usoskin1,With
0.9210377,SC3,Usoskin1,With
0.9205297,SC3,Usoskin1,With
0.9254602,SC3,Usoskin1,With
0.9254602,SC3,Usoskin1,With
0.9289886,SC3,Usoskin1,With
0.9018277,SC3,Usoskin1,With
0.9205297,SC3,Usoskin1,With
0.9018277,SC3,Usoskin1,With
0.9252878,SC3,Usoskin1,With
0.8425367,SC3,Usoskin1,With
0.9487785,SC3,Usoskin1,With
0.9262032,SC3,Usoskin1,With
0.8165381,SC3,Usoskin1,With
0.9096366,SC3,Usoskin1,With
0.9406771,SC3,Usoskin1,With
0.9156146,SC3,Usoskin1,With
0.9406771,SC3,Usoskin1,With
0.9233791,SC3,Usoskin1,With
0.9123021,SC3,Usoskin1,With
0.8814617,SC3,Usoskin1,With
0.9160052,SC3,Usoskin1,With
0.9344703,SC3,Usoskin1,With
0.9382298,SC3,Usoskin1,With
0.9317865,SC3,Usoskin1,With
0.923288,SC3,Usoskin1,With
0.9047086,SC3,Usoskin2,With
0.9001015,SC3,Usoskin2,With
0.8799101,SC3,Usoskin2,With
0.8969203,SC3,Usoskin2,With
0.8414141,SC3,Usoskin2,With
0.8997405,SC3,Usoskin2,With
0.8945767,SC3,Usoskin2,With
0.8966013,SC3,Usoskin2,With
0.902592,SC3,Usoskin2,With
0.906852,SC3,Usoskin2,With
0.9026204,SC3,Usoskin2,With
0.9030444,SC3,Usoskin2,With
0.8929993,SC3,Usoskin2,With
0.8985467,SC3,Usoskin2,With
0.9032325,SC3,Usoskin2,With
0.8757594,SC3,Usoskin2,With
0.8756119,SC3,Usoskin2,With
0.8735686,SC3,Usoskin2,With
0.900432,SC3,Usoskin2,With
0.8990172,SC3,Usoskin2,With
0.8754678,SC3,Usoskin2,With
0.8698579,SC3,Usoskin2,With
0.8977629,SC3,Usoskin2,With
0.8943271,SC3,Usoskin2,With
0.8735395,SC3,Usoskin2,With
0.8996768,SC3,Usoskin2,With
0.8835825,SC3,Usoskin2,With
0.8952274,SC3,Usoskin2,With
0.9059624,SC3,Usoskin2,With
0.894955,SC3,Usoskin2,With
0.882659,SC3,Usoskin2,With
0.9090176,SC3,Usoskin2,With
0.886526,SC3,Usoskin2,With
0.8999024,SC3,Usoskin2,With
0.9017103,SC3,Usoskin2,With
0.911578,SC3,Usoskin2,With
0.8975438,SC3,Usoskin2,With
0.8828025,SC3,Usoskin2,With
0.9052932,SC3,Usoskin2,With
0.7025081,SC3,Usoskin2,With
0.8848179,SC3,Usoskin2,With
0.8736452,SC3,Usoskin2,With
0.8797796,SC3,Usoskin2,With
0.8714435,SC3,Usoskin2,With
0.9073675,SC3,Usoskin2,With
0.9019139,SC3,Usoskin2,With
0.8921784,SC3,Usoskin2,With
0.910917,SC3,Usoskin2,With
0.8159835,SC3,Usoskin2,With
0.9095053,SC3,Usoskin2,With
0.8916503,SC3,Usoskin2,With
0.8989889,SC3,Usoskin2,With
0.8415594,SC3,Usoskin2,With
0.9019275,SC3,Usoskin2,With
0.8956381,SC3,Usoskin2,With
0.9022377,SC3,Usoskin2,With
0.8905852,SC3,Usoskin2,With
0.8944548,SC3,Usoskin2,With
0.8942503,SC3,Usoskin2,With
0.9112429,SC3,Usoskin2,With
0.9132216,SC3,Usoskin2,With
0.8990172,SC3,Usoskin2,With
0.8884245,SC3,Usoskin2,With
0.9011417,SC3,Usoskin2,With
0.903294,SC3,Usoskin2,With
0.9022703,SC3,Usoskin2,With
0.8745841,SC3,Usoskin2,With
0.868017,SC3,Usoskin2,With
0.9059992,SC3,Usoskin2,With
0.8726094,SC3,Usoskin2,With
0.8712139,SC3,Usoskin2,With
0.9095437,SC3,Usoskin2,With
0.9078045,SC3,Usoskin2,With
0.8876642,SC3,Usoskin2,With
0.8851132,SC3,Usoskin2,With
0.8267965,SC3,Usoskin2,With
0.8799101,SC3,Usoskin2,With
0.8800508,SC3,Usoskin2,With
0.8979561,SC3,Usoskin2,With
0.882659,SC3,Usoskin2,With
0.8950179,SC3,Usoskin2,With
0.8968952,SC3,Usoskin2,With
0.8960099,SC3,Usoskin2,With
0.9050045,SC3,Usoskin2,With
0.904521,SC3,Usoskin2,With
0.8975431,SC3,Usoskin2,With
0.8827467,SC3,Usoskin2,With
0.9082301,SC3,Usoskin2,With
0.8948418,SC3,Usoskin2,With
0.9003882,SC3,Usoskin2,With
0.8997005,SC3,Usoskin2,With
0.9076448,SC3,Usoskin2,With
0.883446,SC3,Usoskin2,With
0.8312934,SC3,Usoskin2,With
0.8727761,SC3,Usoskin2,With
0.9076448,SC3,Usoskin2,With
0.8723155,SC3,Usoskin2,With
0.8969802,SC3,Usoskin2,With
0.9014271,SC3,Usoskin2,With
0.8816327,SC3,Usoskin2,With
0.8724333,SC3,Usoskin3,With
0.8955009,SC3,Usoskin3,With
0.8707562,SC3,Usoskin3,With
0.8689861,SC3,Usoskin3,With
0.8678575,SC3,Usoskin3,With
0.893586,SC3,Usoskin3,With
0.8640247,SC3,Usoskin3,With
0.8962731,SC3,Usoskin3,With
0.8708432,SC3,Usoskin3,With
0.8702148,SC3,Usoskin3,With
0.8924683,SC3,Usoskin3,With
0.9026669,SC3,Usoskin3,With
0.6959429,SC3,Usoskin3,With
0.8960836,SC3,Usoskin3,With
0.8683556,SC3,Usoskin3,With
0.6984616,SC3,Usoskin3,With
0.8963866,SC3,Usoskin3,With
0.6749255,SC3,Usoskin3,With
0.873,SC3,Usoskin3,With
0.8674016,SC3,Usoskin3,With
0.8711526,SC3,Usoskin3,With
0.8965722,SC3,Usoskin3,With
0.8704095,SC3,Usoskin3,With
0.8637214,SC3,Usoskin3,With
0.8910338,SC3,Usoskin3,With
0.8644166,SC3,Usoskin3,With
0.8641786,SC3,Usoskin3,With
0.8982475,SC3,Usoskin3,With
0.8714359,SC3,Usoskin3,With
0.8730683,SC3,Usoskin3,With
0.8654765,SC3,Usoskin3,With
0.8687051,SC3,Usoskin3,With
0.8874125,SC3,Usoskin3,With
0.8698822,SC3,Usoskin3,With
0.897807,SC3,Usoskin3,With
0.8677886,SC3,Usoskin3,With
0.6925983,SC3,Usoskin3,With
0.8639508,SC3,Usoskin3,With
0.8695158,SC3,Usoskin3,With
0.8902929,SC3,Usoskin3,With
0.8683796,SC3,Usoskin3,With
0.8681593,SC3,Usoskin3,With
0.8694706,SC3,Usoskin3,With
0.8939786,SC3,Usoskin3,With
0.8687587,SC3,Usoskin3,With
0.8696926,SC3,Usoskin3,With
0.8697001,SC3,Usoskin3,With
0.8923668,SC3,Usoskin3,With
0.8664999,SC3,Usoskin3,With
0.8713306,SC3,Usoskin3,With
0.8963075,SC3,Usoskin3,With
0.8702835,SC3,Usoskin3,With
0.6885654,SC3,Usoskin3,With
0.8715835,SC3,Usoskin3,With
0.8712092,SC3,Usoskin3,With
0.8902929,SC3,Usoskin3,With
0.8951471,SC3,Usoskin3,With
0.8919722,SC3,Usoskin3,With
0.6764085,SC3,Usoskin3,With
0.8692123,SC3,Usoskin3,With
0.6891525,SC3,Usoskin3,With
0.8665375,SC3,Usoskin3,With
0.8637362,SC3,Usoskin3,With
0.894477,SC3,Usoskin3,With
0.8960625,SC3,Usoskin3,With
0.8754181,SC3,Usoskin3,With
0.8951471,SC3,Usoskin3,With
0.8974629,SC3,Usoskin3,With
0.8684021,SC3,Usoskin3,With
0.847066,SC3,Usoskin3,With
0.8634367,SC3,Usoskin3,With
0.8657834,SC3,Usoskin3,With
0.8954444,SC3,Usoskin3,With
0.9011805,SC3,Usoskin3,With
0.8983845,SC3,Usoskin3,With
0.8694469,SC3,Usoskin3,With
0.9003432,SC3,Usoskin3,With
0.8910572,SC3,Usoskin3,With
0.8705615,SC3,Usoskin3,With
0.8924994,SC3,Usoskin3,With
0.8702148,SC3,Usoskin3,With
0.896752,SC3,Usoskin3,With
0.8638283,SC3,Usoskin3,With
0.872043,SC3,Usoskin3,With
0.8687888,SC3,Usoskin3,With
0.8924994,SC3,Usoskin3,With
0.8694282,SC3,Usoskin3,With
0.8720324,SC3,Usoskin3,With
0.8935294,SC3,Usoskin3,With
0.8987038,SC3,Usoskin3,With
0.8972849,SC3,Usoskin3,With
0.6506071,SC3,Usoskin3,With
0.8922039,SC3,Usoskin3,With
0.8658857,SC3,Usoskin3,With
0.8906245,SC3,Usoskin3,With
0.8943531,SC3,Usoskin3,With
0.8934609,SC3,Usoskin3,With
0.8940598,SC3,Usoskin3,With
0.8713941,SC3,Usoskin3,With
0.8653919,SC3,Usoskin3,With
0.7055785,SC3,Treutlein,With
0.7055785,SC3,Treutlein,With
0.7055785,SC3,Treutlein,With
0.7055785,SC3,Treutlein,With
0.7055785,SC3,Treutlein,With
0.7055785,SC3,Treutlein,With
0.7055785,SC3,Treutlein,With
0.7055785,SC3,Treutlein,With
0.7055785,SC3,Treutlein,With
0.7055785,SC3,Treutlein,With
0.7055785,SC3,Treutlein,With
0.7055785,SC3,Treutlein,With
0.7055785,SC3,Treutlein,With
0.7055785,SC3,Treutlein,With
0.7055785,SC3,Treutlein,With
0.7055785,SC3,Treutlein,With
0.7055785,SC3,Treutlein,With
0.7055785,SC3,Treutlein,With
0.7055785,SC3,Treutlein,With
0.7055785,SC3,Treutlein,With
0.7055785,SC3,Treutlein,With
0.7055785,SC3,Treutlein,With
0.7055785,SC3,Treutlein,With
0.7055785,SC3,Treutlein,With
0.7055785,SC3,Treutlein,With
0.7055785,SC3,Treutlein,With
0.7055785,SC3,Treutlein,With
0.7055785,SC3,Treutlein,With
0.7055785,SC3,Treutlein,With
0.7055785,SC3,Treutlein,With
0.7055785,SC3,Treutlein,With
0.7055785,SC3,Treutlein,With
0.7055785,SC3,Treutlein,With
0.7055785,SC3,Treutlein,With
0.7055785,SC3,Treutlein,With
0.7055785,SC3,Treutlein,With
0.7055785,SC3,Treutlein,With
0.7055785,SC3,Treutlein,With
0.7055785,SC3,Treutlein,With
0.7055785,SC3,Treutlein,With
0.7055785,SC3,Treutlein,With
0.7055785,SC3,Treutlein,With
0.7055785,SC3,Treutlein,With
0.7055785,SC3,Treutlein,With
0.7055785,SC3,Treutlein,With
0.7055785,SC3,Treutlein,With
0.7055785,SC3,Treutlein,With
0.7055785,SC3,Treutlein,With
0.7055785,SC3,Treutlein,With
0.7055785,SC3,Treutlein,With
0.7055785,SC3,Treutlein,With
0.7055785,SC3,Treutlein,With
0.7055785,SC3,Treutlein,With
0.7055785,SC3,Treutlein,With
0.7055785,SC3,Treutlein,With
0.7055785,SC3,Treutlein,With
0.7055785,SC3,Treutlein,With
0.7055785,SC3,Treutlein,With
0.7055785,SC3,Treutlein,With
0.7055785,SC3,Treutlein,With
0.7055785,SC3,Treutlein,With
0.7055785,SC3,Treutlein,With
0.7055785,SC3,Treutlein,With
0.7055785,SC3,Treutlein,With
0.7055785,SC3,Treutlein,With
0.7055785,SC3,Treutlein,With
0.7055785,SC3,Treutlein,With
0.7055785,SC3,Treutlein,With
0.7055785,SC3,Treutlein,With
0.7055785,SC3,Treutlein,With
0.7055785,SC3,Treutlein,With
0.7055785,SC3,Treutlein,With
0.7055785,SC3,Treutlein,With
0.7055785,SC3,Treutlein,With
0.7055785,SC3,Treutlein,With
0.7055785,SC3,Treutlein,With
0.7055785,SC3,Treutlein,With
0.7055785,SC3,Treutlein,With
0.7055785,SC3,Treutlein,With
0.7055785,SC3,Treutlein,With
0.7055785,SC3,Treutlein,With
0.7055785,SC3,Treutlein,With
0.7055785,SC3,Treutlein,With
0.7055785,SC3,Treutlein,With
0.7055785,SC3,Treutlein,With
0.7055785,SC3,Treutlein,With
0.7055785,SC3,Treutlein,With
0.7055785,SC3,Treutlein,With
0.7055785,SC3,Treutlein,With
0.7055785,SC3,Treutlein,With
0.7055785,SC3,Treutlein,With
0.7055785,SC3,Treutlein,With
0.7055785,SC3,Treutlein,With
0.7055785,SC3,Treutlein,With
0.7055785,SC3,Treutlein,With
0.7055785,SC3,Treutlein,With
0.7055785,SC3,Treutlein,With
0.7055785,SC3,Treutlein,With
0.7055785,SC3,Treutlein,With
0.7055785,SC3,Treutlein,With
0.6658896,SC3,Deng,With
0.6658896,SC3,Deng,With
0.6658896,SC3,Deng,With
0.6634817,SC3,Deng,With
0.6658896,SC3,Deng,With
0.6658896,SC3,Deng,With
0.6658896,SC3,Deng,With
0.6658896,SC3,Deng,With
0.6658896,SC3,Deng,With
0.6658896,SC3,Deng,With
0.6658896,SC3,Deng,With
0.6658896,SC3,Deng,With
0.6658896,SC3,Deng,With
0.6658896,SC3,Deng,With
0.6658896,SC3,Deng,With
0.6658896,SC3,Deng,With
0.6658896,SC3,Deng,With
0.6658896,SC3,Deng,With
0.6658896,SC3,Deng,With
0.6658896,SC3,Deng,With
0.6658896,SC3,Deng,With
0.6658896,SC3,Deng,With
0.6658896,SC3,Deng,With
0.6634817,SC3,Deng,With
0.6658896,SC3,Deng,With
0.6658896,SC3,Deng,With
0.6658896,SC3,Deng,With
0.6634817,SC3,Deng,With
0.6658896,SC3,Deng,With
0.6658896,SC3,Deng,With
0.6658896,SC3,Deng,With
0.6658896,SC3,Deng,With
0.6658896,SC3,Deng,With
0.6658896,SC3,Deng,With
0.6634817,SC3,Deng,With
0.6658896,SC3,Deng,With
0.6658896,SC3,Deng,With
0.6658896,SC3,Deng,With
0.6634817,SC3,Deng,With
0.6658896,SC3,Deng,With
0.6658896,SC3,Deng,With
0.6658896,SC3,Deng,With
0.6658896,SC3,Deng,With
0.6658896,SC3,Deng,With
0.6658896,SC3,Deng,With
0.6634817,SC3,Deng,With
0.7790455,SC3,Deng,With
0.6658896,SC3,Deng,With
0.6658896,SC3,Deng,With
0.6658896,SC3,Deng,With
0.6658896,SC3,Deng,With
0.6658896,SC3,Deng,With
0.6658896,SC3,Deng,With
0.6658896,SC3,Deng,With
0.6634817,SC3,Deng,With
0.6634817,SC3,Deng,With
0.6658896,SC3,Deng,With
0.6658896,SC3,Deng,With
0.6658896,SC3,Deng,With
0.6658896,SC3,Deng,With
0.6658896,SC3,Deng,With
0.6658896,SC3,Deng,With
0.6658896,SC3,Deng,With
0.6658896,SC3,Deng,With
0.6658896,SC3,Deng,With
0.6634817,SC3,Deng,With
0.6658896,SC3,Deng,With
0.6658896,SC3,Deng,With
0.6658896,SC3,Deng,With
0.6658896,SC3,Deng,With
0.6658896,SC3,Deng,With
0.6658896,SC3,Deng,With
0.6658896,SC3,Deng,With
0.6658896,SC3,Deng,With
0.6634817,SC3,Deng,With
0.6658896,SC3,Deng,With
0.7790455,SC3,Deng,With
0.6658896,SC3,Deng,With
0.6658896,SC3,Deng,With
0.6658896,SC3,Deng,With
0.6658896,SC3,Deng,With
0.7790455,SC3,Deng,With
0.6658896,SC3,Deng,With
0.6658896,SC3,Deng,With
0.6658896,SC3,Deng,With
0.6658896,SC3,Deng,With
0.6658896,SC3,Deng,With
0.6658896,SC3,Deng,With
0.6634817,SC3,Deng,With
0.6658896,SC3,Deng,With
0.6634817,SC3,Deng,With
0.6658896,SC3,Deng,With
0.6658896,SC3,Deng,With
0.6634817,SC3,Deng,With
0.6658896,SC3,Deng,With
0.6658896,SC3,Deng,With
0.6658896,SC3,Deng,With
0.6658896,SC3,Deng,With
0.6658896,SC3,Deng,With
0.6658896,SC3,Deng,With
0.9890916,SC3,Patel,With
0.9890916,SC3,Patel,With
0.9890916,SC3,Patel,With
0.9890916,SC3,Patel,With
0.9890916,SC3,Patel,With
0.9890916,SC3,Patel,With
0.9890916,SC3,Patel,With
0.9890916,SC3,Patel,With
0.9890916,SC3,Patel,With
0.9890916,SC3,Patel,With
0.9890916,SC3,Patel,With
0.9890916,SC3,Patel,With
0.9890916,SC3,Patel,With
0.9890916,SC3,Patel,With
0.9890916,SC3,Patel,With
0.9890916,SC3,Patel,With
0.9890916,SC3,Patel,With
0.9890916,SC3,Patel,With
0.9890916,SC3,Patel,With
0.9890916,SC3,Patel,With
0.9890916,SC3,Patel,With
0.9890916,SC3,Patel,With
0.9890916,SC3,Patel,With
0.9890916,SC3,Patel,With
0.9890916,SC3,Patel,With
0.9890916,SC3,Patel,With
0.9890916,SC3,Patel,With
0.9890916,SC3,Patel,With
0.9890916,SC3,Patel,With
0.9890916,SC3,Patel,With
0.9890916,SC3,Patel,With
0.9890916,SC3,Patel,With
0.9890916,SC3,Patel,With
0.9890916,SC3,Patel,With
0.9890916,SC3,Patel,With
0.9890916,SC3,Patel,With
0.9890916,SC3,Patel,With
0.9890916,SC3,Patel,With
0.9890916,SC3,Patel,With
0.9890916,SC3,Patel,With
0.9890916,SC3,Patel,With
0.9890916,SC3,Patel,With
0.9890916,SC3,Patel,With
0.9890916,SC3,Patel,With
0.9890916,SC3,Patel,With
0.9890916,SC3,Patel,With
0.9890916,SC3,Patel,With
0.9890916,SC3,Patel,With
0.9890916,SC3,Patel,With
0.9890916,SC3,Patel,With
0.9890916,SC3,Patel,With
0.9890916,SC3,Patel,With
0.9890916,SC3,Patel,With
0.9890916,SC3,Patel,With
0.9890916,SC3,Patel,With
0.9890916,SC3,Patel,With
0.9890916,SC3,Patel,With
0.9890916,SC3,Patel,With
0.9890916,SC3,Patel,With
0.9890916,SC3,Patel,With
0.9890916,SC3,Patel,With
0.9890916,SC3,Patel,With
0.9890916,SC3,Patel,With
0.9890916,SC3,Patel,With
0.9890916,SC3,Patel,With
0.9890916,SC3,Patel,With
0.9890916,SC3,Patel,With
0.9890916,SC3,Patel,With
0.9890916,SC3,Patel,With
0.9890916,SC3,Patel,With
0.9890916,SC3,Patel,With
0.9890916,SC3,Patel,With
0.9890916,SC3,Patel,With
0.9890916,SC3,Patel,With
0.9890916,SC3,Patel,With
0.9890916,SC3,Patel,With
0.9890916,SC3,Patel,With
0.9890916,SC3,Patel,With
0.9890916,SC3,Patel,With
0.9890916,SC3,Patel,With
0.9890916,SC3,Patel,With
0.9890916,SC3,Patel,With
0.9890916,SC3,Patel,With
0.9890916,SC3,Patel,With
0.9890916,SC3,Patel,With
0.9890916,SC3,Patel,With
0.9890916,SC3,Patel,With
0.9890916,SC3,Patel,With
0.9890916,SC3,Patel,With
0.9890916,SC3,Patel,With
0.9890916,SC3,Patel,With
0.9890916,SC3,Patel,With
0.9890916,SC3,Patel,With
0.9890916,SC3,Patel,With
0.9890916,SC3,Patel,With
0.9890916,SC3,Patel,With
0.9890916,SC3,Patel,With
0.9890916,SC3,Patel,With
0.9890916,SC3,Patel,With
0.9890916,SC3,Patel,With
0.8675587,SC3,Klein,With
0.8675587,SC3,Klein,With
0.8675587,SC3,Klein,With
0.8675587,SC3,Klein,With
0.8675587,SC3,Klein,With
0.8675587,SC3,Klein,With
0.8675587,SC3,Klein,With
0.8675587,SC3,Klein,With
0.8675587,SC3,Klein,With
0.8675587,SC3,Klein,With
0.8675587,SC3,Klein,With
0.8675587,SC3,Klein,With
0.8675587,SC3,Klein,With
0.8675587,SC3,Klein,With
0.8675587,SC3,Klein,With
0.8675587,SC3,Klein,With
0.8675587,SC3,Klein,With
0.8675587,SC3,Klein,With
0.8675587,SC3,Klein,With
0.8675587,SC3,Klein,With
0.8675587,SC3,Klein,With
0.8675587,SC3,Klein,With
0.8675587,SC3,Klein,With
0.8675587,SC3,Klein,With
0.8675587,SC3,Klein,With
0.8675587,SC3,Klein,With
0.8675587,SC3,Klein,With
0.8675587,SC3,Klein,With
0.8675587,SC3,Klein,With
0.8675587,SC3,Klein,With
0.8675587,SC3,Klein,With
0.8675587,SC3,Klein,With
0.8675587,SC3,Klein,With
0.8675587,SC3,Klein,With
0.8675587,SC3,Klein,With
0.8675587,SC3,Klein,With
0.8675587,SC3,Klein,With
0.8675587,SC3,Klein,With
0.8675587,SC3,Klein,With
0.8675587,SC3,Klein,With
0.8675587,SC3,Klein,With
0.8675587,SC3,Klein,With
0.8675587,SC3,Klein,With
0.8675587,SC3,Klein,With
0.8675587,SC3,Klein,With
0.8675587,SC3,Klein,With
0.8675587,SC3,Klein,With
0.8675587,SC3,Klein,With
0.8675587,SC3,Klein,With
0.8675587,SC3,Klein,With
0.8675587,SC3,Klein,With
0.8675587,SC3,Klein,With
0.8675587,SC3,Klein,With
0.8675587,SC3,Klein,With
0.8675587,SC3,Klein,With
0.8675587,SC3,Klein,With
0.8675587,SC3,Klein,With
0.8675587,SC3,Klein,With
0.8675587,SC3,Klein,With
0.8675587,SC3,Klein,With
0.8675587,SC3,Klein,With
0.8675587,SC3,Klein,With
0.8675587,SC3,Klein,With
0.8675587,SC3,Klein,With
0.8675587,SC3,Klein,With
0.8675587,SC3,Klein,With
0.8675587,SC3,Klein,With
0.8675587,SC3,Klein,With
0.8675587,SC3,Klein,With
0.8675587,SC3,Klein,With
0.8675587,SC3,Klein,With
0.8675587,SC3,Klein,With
0.8675587,SC3,Klein,With
0.8675587,SC3,Klein,With
0.8675587,SC3,Klein,With
0.8675587,SC3,Klein,With
0.8675587,SC3,Klein,With
0.8675587,SC3,Klein,With
0.8675587,SC3,Klein,With
0.8675587,SC3,Klein,With
0.8675587,SC3,Klein,With
0.8675587,SC3,Klein,With
0.8675587,SC3,Klein,With
0.8675587,SC3,Klein,With
0.8675587,SC3,Klein,With
0.8675587,SC3,Klein,With
0.8675587,SC3,Klein,With
0.8675587,SC3,Klein,With
0.8675587,SC3,Klein,With
0.8675587,SC3,Klein,With
0.8675587,SC3,Klein,With
0.8675587,SC3,Klein,With
0.8675587,SC3,Klein,With
0.8675587,SC3,Klein,With
0.8675587,SC3,Klein,With
0.8675587,SC3,Klein,With
0.8675587,SC3,Klein,With
0.8675587,SC3,Klein,With
0.8675587,SC3,Klein,With
0.8675587,SC3,Klein,With
0.8092522,SC3,Zeisel,With
0.8329037,SC3,Zeisel,With
0.8317878,SC3,Zeisel,With
0.8564094,SC3,Zeisel,With
0.7998767,SC3,Zeisel,With
0.8170666,SC3,Zeisel,With
0.8041892,SC3,Zeisel,With
0.8020097,SC3,Zeisel,With
0.8329867,SC3,Zeisel,With
0.827157,SC3,Zeisel,With
0.8049828,SC3,Zeisel,With
0.8016557,SC3,Zeisel,With
0.8309542,SC3,Zeisel,With
0.7973147,SC3,Zeisel,With
0.8012335,SC3,Zeisel,With
0.7995959,SC3,Zeisel,With
0.801589,SC3,Zeisel,With
0.8028783,SC3,Zeisel,With
0.8286472,SC3,Zeisel,With
0.8566574,SC3,Zeisel,With
0.7788128,SC3,Zeisel,With
0.833459,SC3,Zeisel,With
0.8611468,SC3,Zeisel,With
0.8585986,SC3,Zeisel,With
0.8238414,SC3,Zeisel,With
0.8232689,SC3,Zeisel,With
0.8035704,SC3,Zeisel,With
0.8178253,SC3,Zeisel,With
0.8018778,SC3,Zeisel,With
0.7951279,SC3,Zeisel,With
0.7988449,SC3,Zeisel,With
0.7915699,SC3,Zeisel,With
0.7974477,SC3,Zeisel,With
0.8037222,SC3,Zeisel,With
0.8007365,SC3,Zeisel,With
0.829431,SC3,Zeisel,With
0.8349991,SC3,Zeisel,With
0.8527276,SC3,Zeisel,With
0.8224631,SC3,Zeisel,With
0.8176134,SC3,Zeisel,With
0.7962792,SC3,Zeisel,With
0.8592445,SC3,Zeisel,With
0.8270677,SC3,Zeisel,With
0.7961691,SC3,Zeisel,With
0.8223738,SC3,Zeisel,With
0.7863197,SC3,Zeisel,With
0.8259587,SC3,Zeisel,With
0.7969959,SC3,Zeisel,With
0.8038915,SC3,Zeisel,With
0.82582,SC3,Zeisel,With
0.8011965,SC3,Zeisel,With
0.8215904,SC3,Zeisel,With
0.8215207,SC3,Zeisel,With
0.7525424,SC3,Zeisel,With
0.8237075,SC3,Zeisel,With
0.8268279,SC3,Zeisel,With
0.8001592,SC3,Zeisel,With
0.802535,SC3,Zeisel,With
0.8254669,SC3,Zeisel,With
0.7979286,SC3,Zeisel,With
0.7542552,SC3,Zeisel,With
0.8261492,SC3,Zeisel,With
0.8155008,SC3,Zeisel,With
0.8155812,SC3,Zeisel,With
0.7989579,SC3,Zeisel,With
0.8258407,SC3,Zeisel,With
0.8061056,SC3,Zeisel,With
0.8494937,SC3,Zeisel,With
0.7965438,SC3,Zeisel,With
0.8232811,SC3,Zeisel,With
0.796411,SC3,Zeisel,With
0.8020408,SC3,Zeisel,With
0.7602827,SC3,Zeisel,With
0.8010013,SC3,Zeisel,With
0.7992607,SC3,Zeisel,With
0.8046779,SC3,Zeisel,With
0.7635732,SC3,Zeisel,With
0.7895223,SC3,Zeisel,With
0.8260622,SC3,Zeisel,With
0.8576087,SC3,Zeisel,With
0.8278798,SC3,Zeisel,With
0.855239,SC3,Zeisel,With
0.8529529,SC3,Zeisel,With
0.8043033,SC3,Zeisel,With
0.7957021,SC3,Zeisel,With
0.8026398,SC3,Zeisel,With
0.8236968,SC3,Zeisel,With
0.8236743,SC3,Zeisel,With
0.9675963,SC3,Biase,With
0.9675963,SC3,Biase,With
0.9675963,SC3,Biase,With
0.9675963,SC3,Biase,With
0.9675963,SC3,Biase,With
0.9675963,SC3,Biase,With
0.9675963,SC3,Biase,With
0.9675963,SC3,Biase,With
0.9675963,SC3,Biase,With
0.9675963,SC3,Biase,With
0.9675963,SC3,Biase,With
0.9675963,SC3,Biase,With
0.9675963,SC3,Biase,With
0.9675963,SC3,Biase,With
0.9675963,SC3,Biase,With
0.9675963,SC3,Biase,With
0.9675963,SC3,Biase,With
0.9675963,SC3,Biase,With
0.9675963,SC3,Biase,With
0.9675963,SC3,Biase,With
0.9675963,SC3,Biase,With
0.9675963,SC3,Biase,With
0.9675963,SC3,Biase,With
0.9675963,SC3,Biase,With
0.9675963,SC3,Biase,With
0.9675963,SC3,Biase,With
0.9675963,SC3,Biase,With
0.9675963,SC3,Biase,With
0.9675963,SC3,Biase,With
0.9675963,SC3,Biase,With
0.9675963,SC3,Biase,With
0.9675963,SC3,Biase,With
0.9675963,SC3,Biase,With
0.9675963,SC3,Biase,With
0.9675963,SC3,Biase,With
0.9675963,SC3,Biase,With
0.9675963,SC3,Biase,With
0.9675963,SC3,Biase,With
0.9675963,SC3,Biase,With
0.9675963,SC3,Biase,With
0.9675963,SC3,Biase,With
0.9675963,SC3,Biase,With
0.9675963,SC3,Biase,With
0.9675963,SC3,Biase,With
0.9675963,SC3,Biase,With
0.9675963,SC3,Biase,With
0.9675963,SC3,Biase,With
0.9675963,SC3,Biase,With
0.9675963,SC3,Biase,With
0.9675963,SC3,Biase,With
0.9675963,SC3,Biase,With
0.9675963,SC3,Biase,With
0.9675963,SC3,Biase,With
0.9675963,SC3,Biase,With
0.9675963,SC3,Biase,With
0.9675963,SC3,Biase,With
0.9675963,SC3,Biase,With
0.9675963,SC3,Biase,With
0.9675963,SC3,Biase,With
0.9675963,SC3,Biase,With
0.9675963,SC3,Biase,With
0.9675963,SC3,Biase,With
0.9675963,SC3,Biase,With
0.9675963,SC3,Biase,With
0.9675963,SC3,Biase,With
0.9675963,SC3,Biase,With
0.9675963,SC3,Biase,With
0.9675963,SC3,Biase,With
0.9675963,SC3,Biase,With
0.9675963,SC3,Biase,With
0.9675963,SC3,Biase,With
0.9675963,SC3,Biase,With
0.9675963,SC3,Biase,With
0.9675963,SC3,Biase,With
0.9675963,SC3,Biase,With
0.9675963,SC3,Biase,With
0.9675963,SC3,Biase,With
0.9675963,SC3,Biase,With
0.9675963,SC3,Biase,With
0.9675963,SC3,Biase,With
0.9675963,SC3,Biase,With
0.9675963,SC3,Biase,With
0.9675963,SC3,Biase,With
0.9675963,SC3,Biase,With
0.9675963,SC3,Biase,With
0.9675963,SC3,Biase,With
0.9675963,SC3,Biase,With
0.9675963,SC3,Biase,With
0.9675963,SC3,Biase,With
0.9675963,SC3,Biase,With
0.9675963,SC3,Biase,With
0.9675963,SC3,Biase,With
0.9675963,SC3,Biase,With
0.9675963,SC3,Biase,With
0.9675963,SC3,Biase,With
0.9675963,SC3,Biase,With
0.9675963,SC3,Biase,With
0.9675963,SC3,Biase,With
0.9675963,SC3,Biase,With
0.9675963,SC3,Biase,With
0.9922172,SC3,Ting,With
0.9922172,SC3,Ting,With
0.9922172,SC3,Ting,With
0.9922172,SC3,Ting,With
0.9922172,SC3,Ting,With
0.9922172,SC3,Ting,With
0.9922172,SC3,Ting,With
0.9922172,SC3,Ting,With
0.9922172,SC3,Ting,With
0.9922172,SC3,Ting,With
0.9922172,SC3,Ting,With
0.9922172,SC3,Ting,With
0.9922172,SC3,Ting,With
0.9922172,SC3,Ting,With
0.9922172,SC3,Ting,With
0.9922172,SC3,Ting,With
0.9922172,SC3,Ting,With
0.9922172,SC3,Ting,With
0.9922172,SC3,Ting,With
1,SC3,Ting,With
0.9922172,SC3,Ting,With
0.9922172,SC3,Ting,With
0.9922172,SC3,Ting,With
0.9922172,SC3,Ting,With
0.9922172,SC3,Ting,With
0.9922172,SC3,Ting,With
0.9922172,SC3,Ting,With
0.9922172,SC3,Ting,With
0.9922172,SC3,Ting,With
0.9922172,SC3,Ting,With
0.9922172,SC3,Ting,With
0.9922172,SC3,Ting,With
0.9922172,SC3,Ting,With
0.9922172,SC3,Ting,With
0.9922172,SC3,Ting,With
1,SC3,Ting,With
0.9922172,SC3,Ting,With
0.9922172,SC3,Ting,With
0.9922172,SC3,Ting,With
0.9922172,SC3,Ting,With
0.9922172,SC3,Ting,With
0.9922172,SC3,Ting,With
0.9922172,SC3,Ting,With
0.9922172,SC3,Ting,With
0.9922172,SC3,Ting,With
1,SC3,Ting,With
1,SC3,Ting,With
0.9922172,SC3,Ting,With
1,SC3,Ting,With
0.9922172,SC3,Ting,With
0.9922172,SC3,Ting,With
0.9922172,SC3,Ting,With
1,SC3,Ting,With
0.9922172,SC3,Ting,With
0.9922172,SC3,Ting,With
0.9922172,SC3,Ting,With
0.9922172,SC3,Ting,With
0.9922172,SC3,Ting,With
0.9922172,SC3,Ting,With
1,SC3,Ting,With
0.9922172,SC3,Ting,With
1,SC3,Ting,With
0.9922172,SC3,Ting,With
1,SC3,Ting,With
0.9922172,SC3,Ting,With
0.9922172,SC3,Ting,With
0.9922172,SC3,Ting,With
1,SC3,Ting,With
0.9922172,SC3,Ting,With
0.9922172,SC3,Ting,With
0.9922172,SC3,Ting,With
0.9922172,SC3,Ting,With
0.9922172,SC3,Ting,With
0.9922172,SC3,Ting,With
0.9922172,SC3,Ting,With
0.9922172,SC3,Ting,With
0.9922172,SC3,Ting,With
0.9922172,SC3,Ting,With
0.9922172,SC3,Ting,With
0.9922172,SC3,Ting,With
0.9922172,SC3,Ting,With
0.9922172,SC3,Ting,With
0.9922172,SC3,Ting,With
0.9922172,SC3,Ting,With
0.9922172,SC3,Ting,With
0.9922172,SC3,Ting,With
0.9922172,SC3,Ting,With
0.9922172,SC3,Ting,With
0.9922172,SC3,Ting,With
0.9922172,SC3,Ting,With
0.9922172,SC3,Ting,With
0.9922172,SC3,Ting,With
0.9922172,SC3,Ting,With
0.9922172,SC3,Ting,With
0.9922172,SC3,Ting,With
0.9922172,SC3,Ting,With
0.9922172,SC3,Ting,With
0.9922172,SC3,Ting,With
0.9922172,SC3,Ting,With
0.9922172,SC3,Ting,With
0.6549331,SC3,Yan,With
0.6549331,SC3,Yan,With
0.6549331,SC3,Yan,With
0.6549331,SC3,Yan,With
0.6549331,SC3,Yan,With
0.6549331,SC3,Yan,With
0.6549331,SC3,Yan,With
0.6549331,SC3,Yan,With
0.6549331,SC3,Yan,With
0.6549331,SC3,Yan,With
0.6549331,SC3,Yan,With
0.6549331,SC3,Yan,With
0.6549331,SC3,Yan,With
0.6549331,SC3,Yan,With
0.6549331,SC3,Yan,With
0.6549331,SC3,Yan,With
0.6549331,SC3,Yan,With
0.6549331,SC3,Yan,With
0.6549331,SC3,Yan,With
0.6549331,SC3,Yan,With
0.6549331,SC3,Yan,With
0.6549331,SC3,Yan,With
0.6549331,SC3,Yan,With
0.6549331,SC3,Yan,With
0.6549331,SC3,Yan,With
0.6549331,SC3,Yan,With
0.6549331,SC3,Yan,With
0.6549331,SC3,Yan,With
0.6549331,SC3,Yan,With
0.6549331,SC3,Yan,With
0.6549331,SC3,Yan,With
0.6549331,SC3,Yan,With
0.6549331,SC3,Yan,With
0.6549331,SC3,Yan,With
0.6549331,SC3,Yan,With
0.6549331,SC3,Yan,With
0.6549331,SC3,Yan,With
0.6549331,SC3,Yan,With
0.6549331,SC3,Yan,With
0.6549331,SC3,Yan,With
0.6549331,SC3,Yan,With
0.6549331,SC3,Yan,With
0.6549331,SC3,Yan,With
0.6549331,SC3,Yan,With
0.6549331,SC3,Yan,With
0.6549331,SC3,Yan,With
0.6549331,SC3,Yan,With
0.6549331,SC3,Yan,With
0.6549331,SC3,Yan,With
0.6549331,SC3,Yan,With
0.6549331,SC3,Yan,With
0.6549331,SC3,Yan,With
0.6549331,SC3,Yan,With
0.6549331,SC3,Yan,With
0.6549331,SC3,Yan,With
0.6549331,SC3,Yan,With
0.6549331,SC3,Yan,With
0.6549331,SC3,Yan,With
0.6549331,SC3,Yan,With
0.6549331,SC3,Yan,With
0.6549331,SC3,Yan,With
0.6549331,SC3,Yan,With
0.6549331,SC3,Yan,With
0.6549331,SC3,Yan,With
0.6549331,SC3,Yan,With
0.6549331,SC3,Yan,With
0.6549331,SC3,Yan,With
0.6549331,SC3,Yan,With
0.6549331,SC3,Yan,With
0.6549331,SC3,Yan,With
0.6549331,SC3,Yan,With
0.6549331,SC3,Yan,With
0.6549331,SC3,Yan,With
0.6549331,SC3,Yan,With
0.6549331,SC3,Yan,With
0.6549331,SC3,Yan,With
0.6549331,SC3,Yan,With
0.6549331,SC3,Yan,With
0.6549331,SC3,Yan,With
0.6549331,SC3,Yan,With
0.6549331,SC3,Yan,With
0.6549331,SC3,Yan,With
0.6549331,SC3,Yan,With
0.6549331,SC3,Yan,With
0.6549331,SC3,Yan,With
0.6549331,SC3,Yan,With
0.6549331,SC3,Yan,With
0.6549331,SC3,Yan,With
0.6549331,SC3,Yan,With
0.6549331,SC3,Yan,With
0.6549331,SC3,Yan,With
0.6549331,SC3,Yan,With
0.6549331,SC3,Yan,With
0.6549331,SC3,Yan,With
0.6549331,SC3,Yan,With
0.6549331,SC3,Yan,With
0.6549331,SC3,Yan,With
0.6549331,SC3,Yan,With
0.6549331,SC3,Yan,With
0.6549331,SC3,Yan,With
0.6874447,SC3,Goolam,With
0.6874447,SC3,Goolam,With
0.6874447,SC3,Goolam,With
0.6874447,SC3,Goolam,With
0.6874447,SC3,Goolam,With
0.6874447,SC3,Goolam,With
0.6874447,SC3,Goolam,With
0.6874447,SC3,Goolam,With
0.6874447,SC3,Goolam,With
0.6874447,SC3,Goolam,With
0.6874447,SC3,Goolam,With
0.6874447,SC3,Goolam,With
0.6874447,SC3,Goolam,With
0.6874447,SC3,Goolam,With
0.6874447,SC3,Goolam,With
0.6874447,SC3,Goolam,With
0.6874447,SC3,Goolam,With
0.6874447,SC3,Goolam,With
0.6874447,SC3,Goolam,With
0.6874447,SC3,Goolam,With
0.6874447,SC3,Goolam,With
0.6874447,SC3,Goolam,With
0.6874447,SC3,Goolam,With
0.6874447,SC3,Goolam,With
0.6874447,SC3,Goolam,With
0.6874447,SC3,Goolam,With
0.6874447,SC3,Goolam,With
0.6874447,SC3,Goolam,With
0.6874447,SC3,Goolam,With
0.6874447,SC3,Goolam,With
0.6874447,SC3,Goolam,With
0.6874447,SC3,Goolam,With
0.6874447,SC3,Goolam,With
0.6874447,SC3,Goolam,With
0.6874447,SC3,Goolam,With
0.6874447,SC3,Goolam,With
0.6874447,SC3,Goolam,With
0.6874447,SC3,Goolam,With
0.6874447,SC3,Goolam,With
0.6874447,SC3,Goolam,With
0.6874447,SC3,Goolam,With
0.6874447,SC3,Goolam,With
0.6874447,SC3,Goolam,With
0.6874447,SC3,Goolam,With
0.6874447,SC3,Goolam,With
0.6874447,SC3,Goolam,With
0.6874447,SC3,Goolam,With
0.6874447,SC3,Goolam,With
0.6874447,SC3,Goolam,With
0.6874447,SC3,Goolam,With
0.6874447,SC3,Goolam,With
0.6874447,SC3,Goolam,With
0.6874447,SC3,Goolam,With
0.6874447,SC3,Goolam,With
0.6874447,SC3,Goolam,With
0.6874447,SC3,Goolam,With
0.6874447,SC3,Goolam,With
0.6874447,SC3,Goolam,With
0.6874447,SC3,Goolam,With
0.6874447,SC3,Goolam,With
0.6874447,SC3,Goolam,With
0.6874447,SC3,Goolam,With
0.6874447,SC3,Goolam,With
0.6874447,SC3,Goolam,With
0.6874447,SC3,Goolam,With
0.6874447,SC3,Goolam,With
0.6874447,SC3,Goolam,With
0.6874447,SC3,Goolam,With
0.6874447,SC3,Goolam,With
0.6874447,SC3,Goolam,With
0.6874447,SC3,Goolam,With
0.6874447,SC3,Goolam,With
0.6874447,SC3,Goolam,With
0.6874447,SC3,Goolam,With
0.6874447,SC3,Goolam,With
0.6874447,SC3,Goolam,With
0.6874447,SC3,Goolam,With
0.6874447,SC3,Goolam,With
0.6874447,SC3,Goolam,With
0.6874447,SC3,Goolam,With
0.6874447,SC3,Goolam,With
0.6874447,SC3,Goolam,With
0.6874447,SC3,Goolam,With
0.6874447,SC3,Goolam,With
0.6874447,SC3,Goolam,With
0.6874447,SC3,Goolam,With
0.6874447,SC3,Goolam,With
0.6874447,SC3,Goolam,With
0.6874447,SC3,Goolam,With
0.6874447,SC3,Goolam,With
0.6874447,SC3,Goolam,With
0.6874447,SC3,Goolam,With
0.6874447,SC3,Goolam,With
0.6874447,SC3,Goolam,With
0.6874447,SC3,Goolam,With
0.6874447,SC3,Goolam,With
0.6874447,SC3,Goolam,With
0.6874447,SC3,Goolam,With
0.6874447,SC3,Goolam,With
0.6874447,SC3,Goolam,With
1,SC3,Kolodziejczyk,With
1,SC3,Kolodziejczyk,With
1,SC3,Kolodziejczyk,With
1,SC3,Kolodziejczyk,With
1,SC3,Kolodziejczyk,With
1,SC3,Kolodziejczyk,With
1,SC3,Kolodziejczyk,With
1,SC3,Kolodziejczyk,With
1,SC3,Kolodziejczyk,With
1,SC3,Kolodziejczyk,With
1,SC3,Kolodziejczyk,With
1,SC3,Kolodziejczyk,With
1,SC3,Kolodziejczyk,With
1,SC3,Kolodziejczyk,With
1,SC3,Kolodziejczyk,With
1,SC3,Kolodziejczyk,With
1,SC3,Kolodziejczyk,With
1,SC3,Kolodziejczyk,With
1,SC3,Kolodziejczyk,With
1,SC3,Kolodziejczyk,With
1,SC3,Kolodziejczyk,With
1,SC3,Kolodziejczyk,With
1,SC3,Kolodziejczyk,With
1,SC3,Kolodziejczyk,With
1,SC3,Kolodziejczyk,With
1,SC3,Kolodziejczyk,With
1,SC3,Kolodziejczyk,With
1,SC3,Kolodziejczyk,With
1,SC3,Kolodziejczyk,With
1,SC3,Kolodziejczyk,With
1,SC3,Kolodziejczyk,With
1,SC3,Kolodziejczyk,With
1,SC3,Kolodziejczyk,With
1,SC3,Kolodziejczyk,With
1,SC3,Kolodziejczyk,With
1,SC3,Kolodziejczyk,With
1,SC3,Kolodziejczyk,With
1,SC3,Kolodziejczyk,With
1,SC3,Kolodziejczyk,With
1,SC3,Kolodziejczyk,With
1,SC3,Kolodziejczyk,With
1,SC3,Kolodziejczyk,With
1,SC3,Kolodziejczyk,With
1,SC3,Kolodziejczyk,With
1,SC3,Kolodziejczyk,With
1,SC3,Kolodziejczyk,With
1,SC3,Kolodziejczyk,With
1,SC3,Kolodziejczyk,With
1,SC3,Kolodziejczyk,With
1,SC3,Kolodziejczyk,With
1,SC3,Kolodziejczyk,With
1,SC3,Kolodziejczyk,With
1,SC3,Kolodziejczyk,With
1,SC3,Kolodziejczyk,With
1,SC3,Kolodziejczyk,With
1,SC3,Kolodziejczyk,With
1,SC3,Kolodziejczyk,With
1,SC3,Kolodziejczyk,With
1,SC3,Kolodziejczyk,With
1,SC3,Kolodziejczyk,With
1,SC3,Kolodziejczyk,With
1,SC3,Kolodziejczyk,With
1,SC3,Kolodziejczyk,With
1,SC3,Kolodziejczyk,With
1,SC3,Kolodziejczyk,With
1,SC3,Kolodziejczyk,With
1,SC3,Kolodziejczyk,With
1,SC3,Kolodziejczyk,With
1,SC3,Kolodziejczyk,With
1,SC3,Kolodziejczyk,With
1,SC3,Kolodziejczyk,With
1,SC3,Kolodziejczyk,With
1,SC3,Kolodziejczyk,With
1,SC3,Kolodziejczyk,With
1,SC3,Kolodziejczyk,With
1,SC3,Kolodziejczyk,With
1,SC3,Kolodziejczyk,With
1,SC3,Kolodziejczyk,With
1,SC3,Kolodziejczyk,With
1,SC3,Kolodziejczyk,With
1,SC3,Kolodziejczyk,With
1,SC3,Kolodziejczyk,With
1,SC3,Kolodziejczyk,With
1,SC3,Kolodziejczyk,With
1,SC3,Kolodziejczyk,With
1,SC3,Kolodziejczyk,With
1,SC3,Kolodziejczyk,With
1,SC3,Kolodziejczyk,With
1,SC3,Kolodziejczyk,With
1,SC3,Kolodziejczyk,With
1,SC3,Kolodziejczyk,With
1,SC3,Kolodziejczyk,With
1,SC3,Kolodziejczyk,With
1,SC3,Kolodziejczyk,With
1,SC3,Kolodziejczyk,With
1,SC3,Kolodziejczyk,With
1,SC3,Kolodziejczyk,With
1,SC3,Kolodziejczyk,With
1,SC3,Kolodziejczyk,With
1,SC3,Kolodziejczyk,With
0.3755751,SC3,Pollen1,Without
0.3755751,SC3,Pollen1,Without
0.3755751,SC3,Pollen1,Without
0.3828124,SC3,Pollen1,Without
0.3828124,SC3,Pollen1,Without
0.3828124,SC3,Pollen1,Without
0.3828124,SC3,Pollen1,Without
0.3755751,SC3,Pollen1,Without
0.3755751,SC3,Pollen1,Without
0.3755751,SC3,Pollen1,Without
0.3212904,SC3,Pollen1,Without
0.3828124,SC3,Pollen1,Without
0.3828124,SC3,Pollen1,Without
0.3828124,SC3,Pollen1,Without
0.3828124,SC3,Pollen1,Without
0.3755751,SC3,Pollen1,Without
0.3828124,SC3,Pollen1,Without
0.3828124,SC3,Pollen1,Without
0.3755751,SC3,Pollen1,Without
0.3755751,SC3,Pollen1,Without
0.3755751,SC3,Pollen1,Without
0.3755751,SC3,Pollen1,Without
0.3828124,SC3,Pollen1,Without
0.3828124,SC3,Pollen1,Without
0.3828124,SC3,Pollen1,Without
0.3755751,SC3,Pollen1,Without
0.3755751,SC3,Pollen1,Without
0.3755751,SC3,Pollen1,Without
0.3828124,SC3,Pollen1,Without
0.3828124,SC3,Pollen1,Without
0.3755751,SC3,Pollen1,Without
0.3755751,SC3,Pollen1,Without
0.3875465,SC3,Pollen1,Without
0.3828124,SC3,Pollen1,Without
0.3828124,SC3,Pollen1,Without
0.3828124,SC3,Pollen1,Without
0.3212904,SC3,Pollen1,Without
0.3828124,SC3,Pollen1,Without
0.3755751,SC3,Pollen1,Without
0.3828124,SC3,Pollen1,Without
0.3755751,SC3,Pollen1,Without
0.3828124,SC3,Pollen1,Without
0.3828124,SC3,Pollen1,Without
0.3755751,SC3,Pollen1,Without
0.3828124,SC3,Pollen1,Without
0.3828124,SC3,Pollen1,Without
0.3828124,SC3,Pollen1,Without
0.3828124,SC3,Pollen1,Without
0.3828124,SC3,Pollen1,Without
0.3755751,SC3,Pollen1,Without
0.3828124,SC3,Pollen1,Without
0.3828124,SC3,Pollen1,Without
0.3755751,SC3,Pollen1,Without
0.3828124,SC3,Pollen1,Without
0.3828124,SC3,Pollen1,Without
0.3828124,SC3,Pollen1,Without
0.3755751,SC3,Pollen1,Without
0.3875465,SC3,Pollen1,Without
0.3828124,SC3,Pollen1,Without
0.3828124,SC3,Pollen1,Without
0.3828124,SC3,Pollen1,Without
0.3054445,SC3,Pollen1,Without
0.3828124,SC3,Pollen1,Without
0.3755751,SC3,Pollen1,Without
0.3755751,SC3,Pollen1,Without
0.3755751,SC3,Pollen1,Without
0.3755751,SC3,Pollen1,Without
0.3755751,SC3,Pollen1,Without
0.3828124,SC3,Pollen1,Without
0.3828124,SC3,Pollen1,Without
0.3755751,SC3,Pollen1,Without
0.3828124,SC3,Pollen1,Without
0.4052092,SC3,Pollen1,Without
0.3828124,SC3,Pollen1,Without
0.3828124,SC3,Pollen1,Without
0.3755751,SC3,Pollen1,Without
0.3828124,SC3,Pollen1,Without
0.3755751,SC3,Pollen1,Without
0.3755751,SC3,Pollen1,Without
0.3828124,SC3,Pollen1,Without
0.3755751,SC3,Pollen1,Without
0.3755751,SC3,Pollen1,Without
0.3755751,SC3,Pollen1,Without
0.2543033,SC3,Pollen1,Without
0.2859395,SC3,Pollen1,Without
0.3755751,SC3,Pollen1,Without
0.3755751,SC3,Pollen1,Without
0.3828124,SC3,Pollen1,Without
0.3828124,SC3,Pollen1,Without
0.3755751,SC3,Pollen1,Without
0.3755751,SC3,Pollen1,Without
0.3828124,SC3,Pollen1,Without
0.3755751,SC3,Pollen1,Without
0.3828124,SC3,Pollen1,Without
0.3755751,SC3,Pollen1,Without
0.3173337,SC3,Pollen1,Without
0.3755751,SC3,Pollen1,Without
0.3755751,SC3,Pollen1,Without
0.3755751,SC3,Pollen1,Without
0.3828124,SC3,Pollen1,Without
0.9458806,SC3,Pollen2,Without
0.9491945,SC3,Pollen2,Without
0.9465187,SC3,Pollen2,Without
0.9491945,SC3,Pollen2,Without
0.9525538,SC3,Pollen2,Without
0.9525538,SC3,Pollen2,Without
0.9525538,SC3,Pollen2,Without
0.9525538,SC3,Pollen2,Without
0.9465187,SC3,Pollen2,Without
0.946694,SC3,Pollen2,Without
0.9467746,SC3,Pollen2,Without
0.9493679,SC3,Pollen2,Without
0.9525538,SC3,Pollen2,Without
0.946694,SC3,Pollen2,Without
0.946694,SC3,Pollen2,Without
0.946694,SC3,Pollen2,Without
0.9465187,SC3,Pollen2,Without
0.9491945,SC3,Pollen2,Without
0.946694,SC3,Pollen2,Without
0.9525538,SC3,Pollen2,Without
0.9493679,SC3,Pollen2,Without
0.946694,SC3,Pollen2,Without
0.9463958,SC3,Pollen2,Without
0.9463958,SC3,Pollen2,Without
0.9430593,SC3,Pollen2,Without
0.9525538,SC3,Pollen2,Without
0.946694,SC3,Pollen2,Without
0.9470584,SC3,Pollen2,Without
0.9496959,SC3,Pollen2,Without
0.9525538,SC3,Pollen2,Without
0.9430593,SC3,Pollen2,Without
0.9525538,SC3,Pollen2,Without
0.9496959,SC3,Pollen2,Without
0.9525538,SC3,Pollen2,Without
0.9525538,SC3,Pollen2,Without
0.9491945,SC3,Pollen2,Without
0.9430593,SC3,Pollen2,Without
0.9463958,SC3,Pollen2,Without
0.9430593,SC3,Pollen2,Without
0.946694,SC3,Pollen2,Without
0.9430593,SC3,Pollen2,Without
0.9430593,SC3,Pollen2,Without
0.9430593,SC3,Pollen2,Without
0.9525538,SC3,Pollen2,Without
0.9488943,SC3,Pollen2,Without
0.9465187,SC3,Pollen2,Without
0.9491945,SC3,Pollen2,Without
0.9525538,SC3,Pollen2,Without
0.946694,SC3,Pollen2,Without
0.9430593,SC3,Pollen2,Without
0.9430593,SC3,Pollen2,Without
0.946694,SC3,Pollen2,Without
0.9525538,SC3,Pollen2,Without
0.9493679,SC3,Pollen2,Without
0.9430593,SC3,Pollen2,Without
0.9525538,SC3,Pollen2,Without
0.9430593,SC3,Pollen2,Without
0.946694,SC3,Pollen2,Without
0.9491945,SC3,Pollen2,Without
0.9491945,SC3,Pollen2,Without
0.946694,SC3,Pollen2,Without
0.9467746,SC3,Pollen2,Without
0.946694,SC3,Pollen2,Without
0.946694,SC3,Pollen2,Without
0.9430593,SC3,Pollen2,Without
0.9488943,SC3,Pollen2,Without
0.9525538,SC3,Pollen2,Without
0.9488943,SC3,Pollen2,Without
0.9525538,SC3,Pollen2,Without
0.9488943,SC3,Pollen2,Without
0.9525538,SC3,Pollen2,Without
0.946694,SC3,Pollen2,Without
0.946694,SC3,Pollen2,Without
0.9470584,SC3,Pollen2,Without
0.9470584,SC3,Pollen2,Without
0.9488943,SC3,Pollen2,Without
0.9525538,SC3,Pollen2,Without
0.946694,SC3,Pollen2,Without
0.9463958,SC3,Pollen2,Without
0.9491945,SC3,Pollen2,Without
0.946694,SC3,Pollen2,Without
0.9491945,SC3,Pollen2,Without
0.9493679,SC3,Pollen2,Without
0.9463958,SC3,Pollen2,Without
0.9525538,SC3,Pollen2,Without
0.946694,SC3,Pollen2,Without
0.9465187,SC3,Pollen2,Without
0.9488943,SC3,Pollen2,Without
0.9423316,SC3,Pollen2,Without
0.946694,SC3,Pollen2,Without
0.9463958,SC3,Pollen2,Without
0.9430593,SC3,Pollen2,Without
0.9491945,SC3,Pollen2,Without
0.9491945,SC3,Pollen2,Without
0.9463958,SC3,Pollen2,Without
0.9430593,SC3,Pollen2,Without
0.946694,SC3,Pollen2,Without
0.9488943,SC3,Pollen2,Without
0.9496959,SC3,Pollen2,Without
0.9525538,SC3,Pollen2,Without
0.9064898,SC3,Usoskin1,Without
0.9064143,SC3,Usoskin1,Without
0.9064143,SC3,Usoskin1,Without
0.9064143,SC3,Usoskin1,Without
0.9113377,SC3,Usoskin1,Without
0.9064898,SC3,Usoskin1,Without
0.9064143,SC3,Usoskin1,Without
0.9131954,SC3,Usoskin1,Without
0.9064143,SC3,Usoskin1,Without
0.9113377,SC3,Usoskin1,Without
0.9189037,SC3,Usoskin1,Without
0.9113377,SC3,Usoskin1,Without
0.9189037,SC3,Usoskin1,Without
0.9131252,SC3,Usoskin1,Without
0.9189037,SC3,Usoskin1,Without
0.9064143,SC3,Usoskin1,Without
0.9189037,SC3,Usoskin1,Without
0.9064143,SC3,Usoskin1,Without
0.9189037,SC3,Usoskin1,Without
0.9064143,SC3,Usoskin1,Without
0.9064898,SC3,Usoskin1,Without
0.903691,SC3,Usoskin1,Without
0.9189037,SC3,Usoskin1,Without
0.9113377,SC3,Usoskin1,Without
0.9113377,SC3,Usoskin1,Without
0.9064143,SC3,Usoskin1,Without
0.9064143,SC3,Usoskin1,Without
0.9064898,SC3,Usoskin1,Without
0.9064143,SC3,Usoskin1,Without
0.9163842,SC3,Usoskin1,Without
0.910146,SC3,Usoskin1,Without
0.9189037,SC3,Usoskin1,Without
0.9064143,SC3,Usoskin1,Without
0.9113377,SC3,Usoskin1,Without
0.9064898,SC3,Usoskin1,Without
0.9064898,SC3,Usoskin1,Without
0.9064143,SC3,Usoskin1,Without
0.9064898,SC3,Usoskin1,Without
0.912374,SC3,Usoskin1,Without
0.9131252,SC3,Usoskin1,Without
0.9103541,SC3,Usoskin1,Without
0.9189037,SC3,Usoskin1,Without
0.9064143,SC3,Usoskin1,Without
0.9064143,SC3,Usoskin1,Without
0.9189037,SC3,Usoskin1,Without
0.9131252,SC3,Usoskin1,Without
0.9064143,SC3,Usoskin1,Without
0.9189037,SC3,Usoskin1,Without
0.9103541,SC3,Usoskin1,Without
0.9064143,SC3,Usoskin1,Without
0.9064898,SC3,Usoskin1,Without
0.9131252,SC3,Usoskin1,Without
0.9064143,SC3,Usoskin1,Without
0.9064898,SC3,Usoskin1,Without
0.9064143,SC3,Usoskin1,Without
0.9064898,SC3,Usoskin1,Without
0.910146,SC3,Usoskin1,Without
0.9064143,SC3,Usoskin1,Without
0.9189037,SC3,Usoskin1,Without
0.9189037,SC3,Usoskin1,Without
0.9189037,SC3,Usoskin1,Without
0.9189037,SC3,Usoskin1,Without
0.9189037,SC3,Usoskin1,Without
0.9064143,SC3,Usoskin1,Without
0.9064143,SC3,Usoskin1,Without
0.9131252,SC3,Usoskin1,Without
0.9189037,SC3,Usoskin1,Without
0.910146,SC3,Usoskin1,Without
0.9064143,SC3,Usoskin1,Without
0.9113377,SC3,Usoskin1,Without
0.9064898,SC3,Usoskin1,Without
0.9113377,SC3,Usoskin1,Without
0.9113377,SC3,Usoskin1,Without
0.910146,SC3,Usoskin1,Without
0.9131252,SC3,Usoskin1,Without
0.9064143,SC3,Usoskin1,Without
0.9189037,SC3,Usoskin1,Without
0.910146,SC3,Usoskin1,Without
0.910146,SC3,Usoskin1,Without
0.9189037,SC3,Usoskin1,Without
0.9064898,SC3,Usoskin1,Without
0.9064143,SC3,Usoskin1,Without
0.9064898,SC3,Usoskin1,Without
0.9064143,SC3,Usoskin1,Without
0.9189037,SC3,Usoskin1,Without
0.9064143,SC3,Usoskin1,Without
0.9064143,SC3,Usoskin1,Without
0.9189037,SC3,Usoskin1,Without
0.9189037,SC3,Usoskin1,Without
0.9064143,SC3,Usoskin1,Without
0.9189037,SC3,Usoskin1,Without
0.9113377,SC3,Usoskin1,Without
0.9064143,SC3,Usoskin1,Without
0.9064143,SC3,Usoskin1,Without
0.9064143,SC3,Usoskin1,Without
0.9064898,SC3,Usoskin1,Without
0.915146,SC3,Usoskin1,Without
0.8972877,SC3,Usoskin1,Without
0.9131252,SC3,Usoskin1,Without
0.910146,SC3,Usoskin1,Without
0.1885893,SC3,Usoskin2,Without
0.1769112,SC3,Usoskin2,Without
0.1878704,SC3,Usoskin2,Without
0.1929298,SC3,Usoskin2,Without
0.2015434,SC3,Usoskin2,Without
0.2004838,SC3,Usoskin2,Without
0.1775721,SC3,Usoskin2,Without
0.2032263,SC3,Usoskin2,Without
0.2111984,SC3,Usoskin2,Without
0.1708448,SC3,Usoskin2,Without
0.1764655,SC3,Usoskin2,Without
0.1859161,SC3,Usoskin2,Without
0.1749184,SC3,Usoskin2,Without
0.2099969,SC3,Usoskin2,Without
0.196226,SC3,Usoskin2,Without
0.1999046,SC3,Usoskin2,Without
0.2101535,SC3,Usoskin2,Without
0.1740647,SC3,Usoskin2,Without
0.2005225,SC3,Usoskin2,Without
0.1714106,SC3,Usoskin2,Without
0.1779493,SC3,Usoskin2,Without
0.1815674,SC3,Usoskin2,Without
0.1980464,SC3,Usoskin2,Without
0.2059057,SC3,Usoskin2,Without
0.1986337,SC3,Usoskin2,Without
0.1711304,SC3,Usoskin2,Without
0.2013772,SC3,Usoskin2,Without
0.1954755,SC3,Usoskin2,Without
0.1942783,SC3,Usoskin2,Without
0.2624766,SC3,Usoskin2,Without
0.1943239,SC3,Usoskin2,Without
0.1863428,SC3,Usoskin2,Without
0.1978845,SC3,Usoskin2,Without
0.1817793,SC3,Usoskin2,Without
0.2107084,SC3,Usoskin2,Without
0.2108599,SC3,Usoskin2,Without
0.199159,SC3,Usoskin2,Without
0.2129006,SC3,Usoskin2,Without
0.1946608,SC3,Usoskin2,Without
0.1785233,SC3,Usoskin2,Without
0.1762604,SC3,Usoskin2,Without
0.2026111,SC3,Usoskin2,Without
0.1770013,SC3,Usoskin2,Without
0.1971372,SC3,Usoskin2,Without
0.1901825,SC3,Usoskin2,Without
0.2094918,SC3,Usoskin2,Without
0.1852726,SC3,Usoskin2,Without
0.2154448,SC3,Usoskin2,Without
0.2479258,SC3,Usoskin2,Without
0.2114498,SC3,Usoskin2,Without
0.1758603,SC3,Usoskin2,Without
0.1949683,SC3,Usoskin2,Without
0.1768382,SC3,Usoskin2,Without
0.1763534,SC3,Usoskin2,Without
0.1908796,SC3,Usoskin2,Without
0.1927385,SC3,Usoskin2,Without
0.2072384,SC3,Usoskin2,Without
0.1769821,SC3,Usoskin2,Without
0.1964335,SC3,Usoskin2,Without
0.202959,SC3,Usoskin2,Without
0.2005099,SC3,Usoskin2,Without
0.2071967,SC3,Usoskin2,Without
0.196595,SC3,Usoskin2,Without
0.1978023,SC3,Usoskin2,Without
0.1785634,SC3,Usoskin2,Without
0.2071706,SC3,Usoskin2,Without
0.1784607,SC3,Usoskin2,Without
0.1707817,SC3,Usoskin2,Without
0.177883,SC3,Usoskin2,Without
0.1745724,SC3,Usoskin2,Without
0.2229093,SC3,Usoskin2,Without
0.1855508,SC3,Usoskin2,Without
0.1978508,SC3,Usoskin2,Without
0.181662,SC3,Usoskin2,Without
0.1786905,SC3,Usoskin2,Without
0.1956338,SC3,Usoskin2,Without
0.1778609,SC3,Usoskin2,Without
0.2038858,SC3,Usoskin2,Without
0.1769045,SC3,Usoskin2,Without
0.1778409,SC3,Usoskin2,Without
0.1718626,SC3,Usoskin2,Without
0.1816493,SC3,Usoskin2,Without
0.2061037,SC3,Usoskin2,Without
0.1991034,SC3,Usoskin2,Without
0.2587448,SC3,Usoskin2,Without
0.2255925,SC3,Usoskin2,Without
0.1973138,SC3,Usoskin2,Without
0.199159,SC3,Usoskin2,Without
0.1779793,SC3,Usoskin2,Without
0.1752062,SC3,Usoskin2,Without
0.1904101,SC3,Usoskin2,Without
0.1748989,SC3,Usoskin2,Without
0.1779235,SC3,Usoskin2,Without
0.1941387,SC3,Usoskin2,Without
0.1991408,SC3,Usoskin2,Without
0.2102838,SC3,Usoskin2,Without
0.1905033,SC3,Usoskin2,Without
0.2169665,SC3,Usoskin2,Without
0.2008863,SC3,Usoskin2,Without
0.2006391,SC3,Usoskin2,Without
0.200182,SC3,Usoskin3,Without
0.2589467,SC3,Usoskin3,Without
0.2156296,SC3,Usoskin3,Without
0.2404938,SC3,Usoskin3,Without
0.2114826,SC3,Usoskin3,Without
0.2000048,SC3,Usoskin3,Without
0.2433901,SC3,Usoskin3,Without
0.2213319,SC3,Usoskin3,Without
0.1964812,SC3,Usoskin3,Without
0.2164493,SC3,Usoskin3,Without
0.2267093,SC3,Usoskin3,Without
0.214226,SC3,Usoskin3,Without
0.2052478,SC3,Usoskin3,Without
0.197711,SC3,Usoskin3,Without
0.2031261,SC3,Usoskin3,Without
0.2224036,SC3,Usoskin3,Without
0.2434381,SC3,Usoskin3,Without
0.2389141,SC3,Usoskin3,Without
0.2070509,SC3,Usoskin3,Without
0.2605869,SC3,Usoskin3,Without
0.1941941,SC3,Usoskin3,Without
0.2177831,SC3,Usoskin3,Without
0.2084273,SC3,Usoskin3,Without
0.2149476,SC3,Usoskin3,Without
0.242502,SC3,Usoskin3,Without
0.2425572,SC3,Usoskin3,Without
0.196054,SC3,Usoskin3,Without
0.2120063,SC3,Usoskin3,Without
0.2106313,SC3,Usoskin3,Without
0.2128997,SC3,Usoskin3,Without
0.2042939,SC3,Usoskin3,Without
0.2039951,SC3,Usoskin3,Without
0.2139925,SC3,Usoskin3,Without
0.2101112,SC3,Usoskin3,Without
0.2531014,SC3,Usoskin3,Without
0.2151712,SC3,Usoskin3,Without
0.2432957,SC3,Usoskin3,Without
0.1989741,SC3,Usoskin3,Without
0.2044726,SC3,Usoskin3,Without
0.2200391,SC3,Usoskin3,Without
0.1998199,SC3,Usoskin3,Without
0.2051436,SC3,Usoskin3,Without
0.2438348,SC3,Usoskin3,Without
0.2168589,SC3,Usoskin3,Without
0.2187647,SC3,Usoskin3,Without
0.1976731,SC3,Usoskin3,Without
0.238892,SC3,Usoskin3,Without
0.2062727,SC3,Usoskin3,Without
0.2166967,SC3,Usoskin3,Without
0.1971449,SC3,Usoskin3,Without
0.2098589,SC3,Usoskin3,Without
0.1979388,SC3,Usoskin3,Without
0.1969104,SC3,Usoskin3,Without
0.2060431,SC3,Usoskin3,Without
0.2191853,SC3,Usoskin3,Without
0.2140411,SC3,Usoskin3,Without
0.1910626,SC3,Usoskin3,Without
0.2089712,SC3,Usoskin3,Without
0.200531,SC3,Usoskin3,Without
0.1838246,SC3,Usoskin3,Without
0.2132519,SC3,Usoskin3,Without
0.2575909,SC3,Usoskin3,Without
0.2139371,SC3,Usoskin3,Without
0.2103336,SC3,Usoskin3,Without
0.2537977,SC3,Usoskin3,Without
0.2155683,SC3,Usoskin3,Without
0.238112,SC3,Usoskin3,Without
0.2084729,SC3,Usoskin3,Without
0.2394083,SC3,Usoskin3,Without
0.244326,SC3,Usoskin3,Without
0.1953264,SC3,Usoskin3,Without
0.2450589,SC3,Usoskin3,Without
0.2104266,SC3,Usoskin3,Without
0.212229,SC3,Usoskin3,Without
0.2125985,SC3,Usoskin3,Without
0.2210802,SC3,Usoskin3,Without
0.2149207,SC3,Usoskin3,Without
0.2109689,SC3,Usoskin3,Without
0.2426075,SC3,Usoskin3,Without
0.2006401,SC3,Usoskin3,Without
0.2101109,SC3,Usoskin3,Without
0.2177476,SC3,Usoskin3,Without
0.2490556,SC3,Usoskin3,Without
0.2438163,SC3,Usoskin3,Without
0.2023261,SC3,Usoskin3,Without
0.2499674,SC3,Usoskin3,Without
0.2145775,SC3,Usoskin3,Without
0.2372775,SC3,Usoskin3,Without
0.2169095,SC3,Usoskin3,Without
0.2522343,SC3,Usoskin3,Without
0.214332,SC3,Usoskin3,Without
0.2172446,SC3,Usoskin3,Without
0.2020038,SC3,Usoskin3,Without
0.2526927,SC3,Usoskin3,Without
0.2417413,SC3,Usoskin3,Without
0.2340263,SC3,Usoskin3,Without
0.2114584,SC3,Usoskin3,Without
0.2023539,SC3,Usoskin3,Without
0.2430732,SC3,Usoskin3,Without
0.2364196,SC3,Usoskin3,Without
0.3902809,SC3,Treutlein,Without
0.3902809,SC3,Treutlein,Without
0.3902809,SC3,Treutlein,Without
0.3902809,SC3,Treutlein,Without
0.3902809,SC3,Treutlein,Without
0.3902809,SC3,Treutlein,Without
0.3902809,SC3,Treutlein,Without
0.3902809,SC3,Treutlein,Without
0.3902809,SC3,Treutlein,Without
0.3902809,SC3,Treutlein,Without
0.3902809,SC3,Treutlein,Without
0.3902809,SC3,Treutlein,Without
0.3902809,SC3,Treutlein,Without
0.3902809,SC3,Treutlein,Without
0.3902809,SC3,Treutlein,Without
0.3902809,SC3,Treutlein,Without
0.3902809,SC3,Treutlein,Without
0.3902809,SC3,Treutlein,Without
0.3902809,SC3,Treutlein,Without
0.3902809,SC3,Treutlein,Without
0.3902809,SC3,Treutlein,Without
0.3902809,SC3,Treutlein,Without
0.3902809,SC3,Treutlein,Without
0.3902809,SC3,Treutlein,Without
0.3902809,SC3,Treutlein,Without
0.3902809,SC3,Treutlein,Without
0.3902809,SC3,Treutlein,Without
0.3902809,SC3,Treutlein,Without
0.3902809,SC3,Treutlein,Without
0.3902809,SC3,Treutlein,Without
0.3902809,SC3,Treutlein,Without
0.3902809,SC3,Treutlein,Without
0.3902809,SC3,Treutlein,Without
0.3902809,SC3,Treutlein,Without
0.3902809,SC3,Treutlein,Without
0.3902809,SC3,Treutlein,Without
0.3902809,SC3,Treutlein,Without
0.3902809,SC3,Treutlein,Without
0.3902809,SC3,Treutlein,Without
0.3902809,SC3,Treutlein,Without
0.3902809,SC3,Treutlein,Without
0.3902809,SC3,Treutlein,Without
0.3902809,SC3,Treutlein,Without
0.3902809,SC3,Treutlein,Without
0.3902809,SC3,Treutlein,Without
0.3902809,SC3,Treutlein,Without
0.3902809,SC3,Treutlein,Without
0.3902809,SC3,Treutlein,Without
0.3902809,SC3,Treutlein,Without
0.3902809,SC3,Treutlein,Without
0.3902809,SC3,Treutlein,Without
0.3902809,SC3,Treutlein,Without
0.3902809,SC3,Treutlein,Without
0.3902809,SC3,Treutlein,Without
0.3902809,SC3,Treutlein,Without
0.3902809,SC3,Treutlein,Without
0.3902809,SC3,Treutlein,Without
0.3902809,SC3,Treutlein,Without
0.3902809,SC3,Treutlein,Without
0.3902809,SC3,Treutlein,Without
0.3902809,SC3,Treutlein,Without
0.3902809,SC3,Treutlein,Without
0.3902809,SC3,Treutlein,Without
0.3902809,SC3,Treutlein,Without
0.3902809,SC3,Treutlein,Without
0.3902809,SC3,Treutlein,Without
0.3902809,SC3,Treutlein,Without
0.3902809,SC3,Treutlein,Without
0.3902809,SC3,Treutlein,Without
0.3902809,SC3,Treutlein,Without
0.3902809,SC3,Treutlein,Without
0.3902809,SC3,Treutlein,Without
0.3902809,SC3,Treutlein,Without
0.3902809,SC3,Treutlein,Without
0.3902809,SC3,Treutlein,Without
0.3902809,SC3,Treutlein,Without
0.3902809,SC3,Treutlein,Without
0.3902809,SC3,Treutlein,Without
0.3902809,SC3,Treutlein,Without
0.3902809,SC3,Treutlein,Without
0.3902809,SC3,Treutlein,Without
0.3902809,SC3,Treutlein,Without
0.3902809,SC3,Treutlein,Without
0.3902809,SC3,Treutlein,Without
0.3902809,SC3,Treutlein,Without
0.3902809,SC3,Treutlein,Without
0.3902809,SC3,Treutlein,Without
0.3902809,SC3,Treutlein,Without
0.3902809,SC3,Treutlein,Without
0.3902809,SC3,Treutlein,Without
0.3902809,SC3,Treutlein,Without
0.3902809,SC3,Treutlein,Without
0.3902809,SC3,Treutlein,Without
0.3902809,SC3,Treutlein,Without
0.3902809,SC3,Treutlein,Without
0.3902809,SC3,Treutlein,Without
0.3902809,SC3,Treutlein,Without
0.3902809,SC3,Treutlein,Without
0.3902809,SC3,Treutlein,Without
0.3902809,SC3,Treutlein,Without
0.4607814,SC3,Deng,Without
0.4521665,SC3,Deng,Without
0.46118,SC3,Deng,Without
0.46118,SC3,Deng,Without
0.46118,SC3,Deng,Without
0.46118,SC3,Deng,Without
0.4551015,SC3,Deng,Without
0.4651992,SC3,Deng,Without
0.46118,SC3,Deng,Without
0.46118,SC3,Deng,Without
0.4555957,SC3,Deng,Without
0.4612282,SC3,Deng,Without
0.46118,SC3,Deng,Without
0.46118,SC3,Deng,Without
0.46118,SC3,Deng,Without
0.4612282,SC3,Deng,Without
0.4521665,SC3,Deng,Without
0.46118,SC3,Deng,Without
0.4651992,SC3,Deng,Without
0.46118,SC3,Deng,Without
0.4612282,SC3,Deng,Without
0.4521665,SC3,Deng,Without
0.46118,SC3,Deng,Without
0.4482673,SC3,Deng,Without
0.46118,SC3,Deng,Without
0.4583958,SC3,Deng,Without
0.46118,SC3,Deng,Without
0.46118,SC3,Deng,Without
0.455503,SC3,Deng,Without
0.4612282,SC3,Deng,Without
0.4574222,SC3,Deng,Without
0.46118,SC3,Deng,Without
0.46118,SC3,Deng,Without
0.46118,SC3,Deng,Without
0.4521665,SC3,Deng,Without
0.4583958,SC3,Deng,Without
0.4612282,SC3,Deng,Without
0.46118,SC3,Deng,Without
0.4638374,SC3,Deng,Without
0.46118,SC3,Deng,Without
0.4588943,SC3,Deng,Without
0.4612282,SC3,Deng,Without
0.4583958,SC3,Deng,Without
0.4521665,SC3,Deng,Without
0.4644285,SC3,Deng,Without
0.4651992,SC3,Deng,Without
0.46118,SC3,Deng,Without
0.46118,SC3,Deng,Without
0.4588943,SC3,Deng,Without
0.46118,SC3,Deng,Without
0.4583958,SC3,Deng,Without
0.46118,SC3,Deng,Without
0.4583825,SC3,Deng,Without
0.455503,SC3,Deng,Without
0.46118,SC3,Deng,Without
0.46118,SC3,Deng,Without
0.46118,SC3,Deng,Without
0.4586739,SC3,Deng,Without
0.4568509,SC3,Deng,Without
0.46118,SC3,Deng,Without
0.4521665,SC3,Deng,Without
0.4521665,SC3,Deng,Without
0.4521665,SC3,Deng,Without
0.4521665,SC3,Deng,Without
0.4612282,SC3,Deng,Without
0.46118,SC3,Deng,Without
0.4583958,SC3,Deng,Without
0.46118,SC3,Deng,Without
0.4521665,SC3,Deng,Without
0.4537408,SC3,Deng,Without
0.46118,SC3,Deng,Without
0.4612282,SC3,Deng,Without
0.46118,SC3,Deng,Without
0.4612282,SC3,Deng,Without
0.4521665,SC3,Deng,Without
0.4612282,SC3,Deng,Without
0.4612282,SC3,Deng,Without
0.4612282,SC3,Deng,Without
0.46118,SC3,Deng,Without
0.4644285,SC3,Deng,Without
0.4521665,SC3,Deng,Without
0.4616283,SC3,Deng,Without
0.4612282,SC3,Deng,Without
0.46118,SC3,Deng,Without
0.46118,SC3,Deng,Without
0.4568898,SC3,Deng,Without
0.4583958,SC3,Deng,Without
0.46118,SC3,Deng,Without
0.46118,SC3,Deng,Without
0.4551706,SC3,Deng,Without
0.46118,SC3,Deng,Without
0.4517646,SC3,Deng,Without
0.4521665,SC3,Deng,Without
0.4583825,SC3,Deng,Without
0.46118,SC3,Deng,Without
0.4583958,SC3,Deng,Without
0.46118,SC3,Deng,Without
0.4616283,SC3,Deng,Without
0.4583958,SC3,Deng,Without
0.4582757,SC3,Deng,Without
0.9890916,SC3,Patel,Without
0.9890916,SC3,Patel,Without
0.9890916,SC3,Patel,Without
0.9890916,SC3,Patel,Without
0.9890916,SC3,Patel,Without
0.9890916,SC3,Patel,Without
0.9890916,SC3,Patel,Without
0.9890916,SC3,Patel,Without
0.9890916,SC3,Patel,Without
0.9890916,SC3,Patel,Without
0.9890916,SC3,Patel,Without
0.9890916,SC3,Patel,Without
0.9890916,SC3,Patel,Without
0.9890916,SC3,Patel,Without
0.9890916,SC3,Patel,Without
0.9890916,SC3,Patel,Without
0.9890916,SC3,Patel,Without
0.9890916,SC3,Patel,Without
0.9890916,SC3,Patel,Without
0.9890916,SC3,Patel,Without
0.9890916,SC3,Patel,Without
0.9890916,SC3,Patel,Without
0.9890916,SC3,Patel,Without
0.9890916,SC3,Patel,Without
0.9890916,SC3,Patel,Without
0.9890916,SC3,Patel,Without
0.9890916,SC3,Patel,Without
0.9890916,SC3,Patel,Without
0.9890916,SC3,Patel,Without
0.9890916,SC3,Patel,Without
0.9890916,SC3,Patel,Without
0.9890916,SC3,Patel,Without
0.9890916,SC3,Patel,Without
0.9890916,SC3,Patel,Without
0.9890916,SC3,Patel,Without
0.9890916,SC3,Patel,Without
0.9890916,SC3,Patel,Without
0.9890916,SC3,Patel,Without
0.9890916,SC3,Patel,Without
0.9890916,SC3,Patel,Without
0.9890916,SC3,Patel,Without
0.9890916,SC3,Patel,Without
0.9890916,SC3,Patel,Without
0.9890916,SC3,Patel,Without
0.9890916,SC3,Patel,Without
0.9890916,SC3,Patel,Without
0.9890916,SC3,Patel,Without
0.9890916,SC3,Patel,Without
0.9890916,SC3,Patel,Without
0.9890916,SC3,Patel,Without
0.9890916,SC3,Patel,Without
0.9890916,SC3,Patel,Without
0.9890916,SC3,Patel,Without
0.9890916,SC3,Patel,Without
0.9890916,SC3,Patel,Without
0.9890916,SC3,Patel,Without
0.9890916,SC3,Patel,Without
0.9890916,SC3,Patel,Without
0.9890916,SC3,Patel,Without
0.9890916,SC3,Patel,Without
0.9890916,SC3,Patel,Without
0.9890916,SC3,Patel,Without
0.9890916,SC3,Patel,Without
0.9890916,SC3,Patel,Without
0.9890916,SC3,Patel,Without
0.9890916,SC3,Patel,Without
0.9890916,SC3,Patel,Without
0.9890916,SC3,Patel,Without
0.9890916,SC3,Patel,Without
0.9890916,SC3,Patel,Without
0.9890916,SC3,Patel,Without
0.9890916,SC3,Patel,Without
0.9890916,SC3,Patel,Without
0.9890916,SC3,Patel,Without
0.9890916,SC3,Patel,Without
0.9890916,SC3,Patel,Without
0.9890916,SC3,Patel,Without
0.9890916,SC3,Patel,Without
0.9890916,SC3,Patel,Without
0.9890916,SC3,Patel,Without
0.9890916,SC3,Patel,Without
0.9890916,SC3,Patel,Without
0.9890916,SC3,Patel,Without
0.9890916,SC3,Patel,Without
0.9890916,SC3,Patel,Without
0.9890916,SC3,Patel,Without
0.9890916,SC3,Patel,Without
0.9890916,SC3,Patel,Without
0.9890916,SC3,Patel,Without
0.9890916,SC3,Patel,Without
0.9890916,SC3,Patel,Without
0.9890916,SC3,Patel,Without
0.9890916,SC3,Patel,Without
0.9890916,SC3,Patel,Without
0.9890916,SC3,Patel,Without
0.9890916,SC3,Patel,Without
0.9890916,SC3,Patel,Without
0.9890916,SC3,Patel,Without
0.9890916,SC3,Patel,Without
0.9890916,SC3,Patel,Without
0.8092837,SC3,Klein,Without
0.9871132,SC3,Klein,Without
0.9870303,SC3,Klein,Without
0.9884084,SC3,Klein,Without
0.8487871,SC3,Klein,Without
0.9839203,SC3,Klein,Without
0.9822944,SC3,Klein,Without
0.9851965,SC3,Klein,Without
0.983918,SC3,Klein,Without
0.8491897,SC3,Klein,Without
0.9813847,SC3,Klein,Without
0.9884031,SC3,Klein,Without
0.9864781,SC3,Klein,Without
0.7973295,SC3,Klein,Without
0.9801224,SC3,Klein,Without
0.8499135,SC3,Klein,Without
0.848577,SC3,Klein,Without
0.7964567,SC3,Klein,Without
0.7698587,SC3,Klein,Without
0.9851912,SC3,Klein,Without
0.9858388,SC3,Klein,Without
0.8560937,SC3,Klein,Without
0.7692216,SC3,Klein,Without
0.9535045,SC3,Klein,Without
0.9916477,SC3,Klein,Without
0.9776123,SC3,Klein,Without
0.9845586,SC3,Klein,Without
0.9813838,SC3,Klein,Without
0.9807542,SC3,Klein,Without
0.8083668,SC3,Klein,Without
0.7685221,SC3,Klein,Without
0.989047,SC3,Klein,Without
0.9839212,SC3,Klein,Without
0.9807546,SC3,Klein,Without
0.8518666,SC3,Klein,Without
0.9839199,SC3,Klein,Without
0.7641929,SC3,Klein,Without
0.9836414,SC3,Klein,Without
0.8524855,SC3,Klein,Without
0.7698251,SC3,Klein,Without
0.9896949,SC3,Klein,Without
0.7988101,SC3,Klein,Without
0.9864781,SC3,Klein,Without
0.792439,SC3,Klein,Without
0.770895,SC3,Klein,Without
0.8513821,SC3,Klein,Without
0.9832841,SC3,Klein,Without
0.9851972,SC3,Klein,Without
0.9826495,SC3,Klein,Without
0.7841131,SC3,Klein,Without
0.9838349,SC3,Klein,Without
0.7888317,SC3,Klein,Without
0.9851972,SC3,Klein,Without
0.9845586,SC3,Klein,Without
0.7695537,SC3,Klein,Without
0.9871132,SC3,Klein,Without
0.7967463,SC3,Klein,Without
0.9831981,SC3,Klein,Without
0.8495051,SC3,Klein,Without
0.9839212,SC3,Klein,Without
0.9851912,SC3,Klein,Without
0.8083668,SC3,Klein,Without
0.784425,SC3,Klein,Without
0.8445783,SC3,Klein,Without
0.9851912,SC3,Klein,Without
0.9851912,SC3,Klein,Without
0.9877568,SC3,Klein,Without
0.9845586,SC3,Klein,Without
0.983285,SC3,Klein,Without
0.7947464,SC3,Klein,Without
0.9864781,SC3,Klein,Without
0.9877557,SC3,Klein,Without
0.9851951,SC3,Klein,Without
0.9842031,SC3,Klein,Without
0.9839212,SC3,Klein,Without
0.9857527,SC3,Klein,Without
0.9851912,SC3,Klein,Without
0.797623,SC3,Klein,Without
0.773724,SC3,Klein,Without
0.9871132,SC3,Klein,Without
0.7958814,SC3,Klein,Without
0.8495994,SC3,Klein,Without
0.7887853,SC3,Klein,Without
0.9851972,SC3,Klein,Without
0.9851912,SC3,Klein,Without
0.9851965,SC3,Klein,Without
0.7978842,SC3,Klein,Without
0.9826501,SC3,Klein,Without
0.8515015,SC3,Klein,Without
0.9813839,SC3,Klein,Without
0.9851972,SC3,Klein,Without
0.8005444,SC3,Klein,Without
0.9839212,SC3,Klein,Without
0.7695269,SC3,Klein,Without
0.985837,SC3,Klein,Without
0.8508561,SC3,Klein,Without
0.9832841,SC3,Klein,Without
0.8432655,SC3,Klein,Without
0.9884006,SC3,Klein,Without
0.8216431,SC3,Zeisel,Without
0.8224728,SC3,Zeisel,Without
0.8004367,SC3,Zeisel,Without
0.822861,SC3,Zeisel,Without
0.8243801,SC3,Zeisel,Without
0.8199951,SC3,Zeisel,Without
0.7830216,SC3,Zeisel,Without
0.7066276,SC3,Zeisel,Without
0.6615929,SC3,Zeisel,Without
0.7760534,SC3,Zeisel,Without
0.6916283,SC3,Zeisel,Without
0.8210757,SC3,Zeisel,Without
0.7000797,SC3,Zeisel,Without
0.6819541,SC3,Zeisel,Without
0.8112068,SC3,Zeisel,Without
0.782836,SC3,Zeisel,Without
0.8045443,SC3,Zeisel,Without
0.7529526,SC3,Zeisel,Without
0.6875007,SC3,Zeisel,Without
0.7007429,SC3,Zeisel,Without
0.8200139,SC3,Zeisel,Without
0.8040618,SC3,Zeisel,Without
0.8238761,SC3,Zeisel,Without
0.823668,SC3,Zeisel,Without
0.8228783,SC3,Zeisel,Without
0.7988676,SC3,Zeisel,Without
0.7040224,SC3,Zeisel,Without
0.8103449,SC3,Zeisel,Without
0.8214433,SC3,Zeisel,Without
0.8201078,SC3,Zeisel,Without
0.7800657,SC3,Zeisel,Without
0.8216221,SC3,Zeisel,Without
0.8215947,SC3,Zeisel,Without
0.824364,SC3,Zeisel,Without
0.8096858,SC3,Zeisel,Without
0.8197832,SC3,Zeisel,Without
0.8097475,SC3,Zeisel,Without
0.7831262,SC3,Zeisel,Without
0.8206605,SC3,Zeisel,Without
0.8218743,SC3,Zeisel,Without
0.8224497,SC3,Zeisel,Without
0.81771,SC3,Zeisel,Without
0.8173539,SC3,Zeisel,Without
0.8185646,SC3,Zeisel,Without
0.8166094,SC3,Zeisel,Without
0.7476807,SC3,Zeisel,Without
0.8148733,SC3,Zeisel,Without
0.8252856,SC3,Zeisel,Without
0.8217586,SC3,Zeisel,Without
0.810391,SC3,Zeisel,Without
0.8193976,SC3,Zeisel,Without
0.807908,SC3,Zeisel,Without
0.8196234,SC3,Zeisel,Without
0.8172202,SC3,Zeisel,Without
0.823191,SC3,Zeisel,Without
0.7113628,SC3,Zeisel,Without
0.8175572,SC3,Zeisel,Without
0.8235341,SC3,Zeisel,Without
0.8137317,SC3,Zeisel,Without
0.7872973,SC3,Zeisel,Without
0.7830072,SC3,Zeisel,Without
0.8104688,SC3,Zeisel,Without
0.7856896,SC3,Zeisel,Without
0.8230001,SC3,Zeisel,Without
0.778149,SC3,Zeisel,Without
0.8232218,SC3,Zeisel,Without
0.8257703,SC3,Zeisel,Without
0.8210242,SC3,Zeisel,Without
0.81069,SC3,Zeisel,Without
0.8228496,SC3,Zeisel,Without
0.8203969,SC3,Zeisel,Without
0.8285382,SC3,Zeisel,Without
0.8233728,SC3,Zeisel,Without
0.780696,SC3,Zeisel,Without
0.8145722,SC3,Zeisel,Without
0.8204706,SC3,Zeisel,Without
0.8067071,SC3,Zeisel,Without
0.7054315,SC3,Zeisel,Without
0.8186916,SC3,Zeisel,Without
0.8223065,SC3,Zeisel,Without
0.8205899,SC3,Zeisel,Without
0.6695912,SC3,Zeisel,Without
0.8223829,SC3,Zeisel,Without
0.6655338,SC3,Zeisel,Without
0.8182482,SC3,Zeisel,Without
0.8123804,SC3,Zeisel,Without
0.8207266,SC3,Zeisel,Without
0.9482629,SC3,Biase,Without
0.9482629,SC3,Biase,Without
0.9482629,SC3,Biase,Without
0.9482629,SC3,Biase,Without
0.9482629,SC3,Biase,Without
0.9482629,SC3,Biase,Without
0.9482629,SC3,Biase,Without
0.9482629,SC3,Biase,Without
0.9482629,SC3,Biase,Without
0.9482629,SC3,Biase,Without
0.9482629,SC3,Biase,Without
0.9482629,SC3,Biase,Without
0.9482629,SC3,Biase,Without
0.9482629,SC3,Biase,Without
0.9482629,SC3,Biase,Without
0.9482629,SC3,Biase,Without
0.9482629,SC3,Biase,Without
0.9482629,SC3,Biase,Without
0.9482629,SC3,Biase,Without
0.9482629,SC3,Biase,Without
0.9482629,SC3,Biase,Without
0.9482629,SC3,Biase,Without
0.9482629,SC3,Biase,Without
0.9482629,SC3,Biase,Without
0.9482629,SC3,Biase,Without
0.9482629,SC3,Biase,Without
0.9482629,SC3,Biase,Without
0.9482629,SC3,Biase,Without
0.9482629,SC3,Biase,Without
0.9482629,SC3,Biase,Without
0.9482629,SC3,Biase,Without
0.9482629,SC3,Biase,Without
0.9482629,SC3,Biase,Without
0.9482629,SC3,Biase,Without
0.9482629,SC3,Biase,Without
0.9482629,SC3,Biase,Without
0.9482629,SC3,Biase,Without
0.9482629,SC3,Biase,Without
0.9482629,SC3,Biase,Without
0.9482629,SC3,Biase,Without
0.9482629,SC3,Biase,Without
0.9482629,SC3,Biase,Without
0.9482629,SC3,Biase,Without
0.9482629,SC3,Biase,Without
0.9482629,SC3,Biase,Without
0.9482629,SC3,Biase,Without
0.9482629,SC3,Biase,Without
0.9482629,SC3,Biase,Without
0.9482629,SC3,Biase,Without
0.9482629,SC3,Biase,Without
0.9482629,SC3,Biase,Without
0.9482629,SC3,Biase,Without
0.9482629,SC3,Biase,Without
0.9482629,SC3,Biase,Without
0.9482629,SC3,Biase,Without
0.9482629,SC3,Biase,Without
0.9482629,SC3,Biase,Without
0.9482629,SC3,Biase,Without
0.9482629,SC3,Biase,Without
0.9482629,SC3,Biase,Without
0.9482629,SC3,Biase,Without
0.9482629,SC3,Biase,Without
0.9482629,SC3,Biase,Without
0.9482629,SC3,Biase,Without
0.9482629,SC3,Biase,Without
0.9482629,SC3,Biase,Without
0.9482629,SC3,Biase,Without
0.9482629,SC3,Biase,Without
0.9482629,SC3,Biase,Without
0.9482629,SC3,Biase,Without
0.9482629,SC3,Biase,Without
0.9482629,SC3,Biase,Without
0.9482629,SC3,Biase,Without
0.9482629,SC3,Biase,Without
0.9482629,SC3,Biase,Without
0.9482629,SC3,Biase,Without
0.9482629,SC3,Biase,Without
0.9482629,SC3,Biase,Without
0.9482629,SC3,Biase,Without
0.9482629,SC3,Biase,Without
0.9482629,SC3,Biase,Without
0.9482629,SC3,Biase,Without
0.9482629,SC3,Biase,Without
0.9482629,SC3,Biase,Without
0.9482629,SC3,Biase,Without
0.9482629,SC3,Biase,Without
0.9482629,SC3,Biase,Without
0.9482629,SC3,Biase,Without
0.9482629,SC3,Biase,Without
0.9482629,SC3,Biase,Without
0.9482629,SC3,Biase,Without
0.9482629,SC3,Biase,Without
0.9482629,SC3,Biase,Without
0.9482629,SC3,Biase,Without
0.9482629,SC3,Biase,Without
0.9482629,SC3,Biase,Without
0.9482629,SC3,Biase,Without
0.9482629,SC3,Biase,Without
0.9482629,SC3,Biase,Without
0.9482629,SC3,Biase,Without
0.8475561,SC3,Ting,Without
0.8475561,SC3,Ting,Without
0.8475561,SC3,Ting,Without
0.8475561,SC3,Ting,Without
0.8475561,SC3,Ting,Without
0.8475561,SC3,Ting,Without
0.8475561,SC3,Ting,Without
0.8475561,SC3,Ting,Without
0.8475561,SC3,Ting,Without
0.8475561,SC3,Ting,Without
0.8475561,SC3,Ting,Without
0.8475561,SC3,Ting,Without
0.8475561,SC3,Ting,Without
0.8475561,SC3,Ting,Without
0.8475561,SC3,Ting,Without
0.8475561,SC3,Ting,Without
0.8475561,SC3,Ting,Without
0.8475561,SC3,Ting,Without
0.8475561,SC3,Ting,Without
0.8475561,SC3,Ting,Without
0.8475561,SC3,Ting,Without
0.8475561,SC3,Ting,Without
0.8475561,SC3,Ting,Without
0.8475561,SC3,Ting,Without
0.8475561,SC3,Ting,Without
0.8475561,SC3,Ting,Without
0.8475561,SC3,Ting,Without
0.8475561,SC3,Ting,Without
0.8475561,SC3,Ting,Without
0.8475561,SC3,Ting,Without
0.8475561,SC3,Ting,Without
0.8475561,SC3,Ting,Without
0.8475561,SC3,Ting,Without
0.8475561,SC3,Ting,Without
0.8475561,SC3,Ting,Without
0.8475561,SC3,Ting,Without
0.8475561,SC3,Ting,Without
0.8475561,SC3,Ting,Without
0.8475561,SC3,Ting,Without
0.8475561,SC3,Ting,Without
0.8475561,SC3,Ting,Without
0.8475561,SC3,Ting,Without
0.8475561,SC3,Ting,Without
0.8475561,SC3,Ting,Without
0.8475561,SC3,Ting,Without
0.8475561,SC3,Ting,Without
0.8475561,SC3,Ting,Without
0.8475561,SC3,Ting,Without
0.8475561,SC3,Ting,Without
0.8475561,SC3,Ting,Without
0.8475561,SC3,Ting,Without
0.8475561,SC3,Ting,Without
0.8475561,SC3,Ting,Without
0.8475561,SC3,Ting,Without
0.8475561,SC3,Ting,Without
0.8475561,SC3,Ting,Without
0.8475561,SC3,Ting,Without
0.8475561,SC3,Ting,Without
0.8475561,SC3,Ting,Without
0.8475561,SC3,Ting,Without
0.8475561,SC3,Ting,Without
0.8475561,SC3,Ting,Without
0.8475561,SC3,Ting,Without
0.8475561,SC3,Ting,Without
0.8475561,SC3,Ting,Without
0.8475561,SC3,Ting,Without
0.8475561,SC3,Ting,Without
0.8475561,SC3,Ting,Without
0.8475561,SC3,Ting,Without
0.8475561,SC3,Ting,Without
0.8475561,SC3,Ting,Without
0.8475561,SC3,Ting,Without
0.8475561,SC3,Ting,Without
0.8475561,SC3,Ting,Without
0.8475561,SC3,Ting,Without
0.8475561,SC3,Ting,Without
0.8475561,SC3,Ting,Without
0.8475561,SC3,Ting,Without
0.8475561,SC3,Ting,Without
0.8475561,SC3,Ting,Without
0.8475561,SC3,Ting,Without
0.8475561,SC3,Ting,Without
0.8475561,SC3,Ting,Without
0.8475561,SC3,Ting,Without
0.8475561,SC3,Ting,Without
0.8475561,SC3,Ting,Without
0.8475561,SC3,Ting,Without
0.8475561,SC3,Ting,Without
0.8475561,SC3,Ting,Without
0.8475561,SC3,Ting,Without
0.8475561,SC3,Ting,Without
0.8475561,SC3,Ting,Without
0.8475561,SC3,Ting,Without
0.8475561,SC3,Ting,Without
0.8475561,SC3,Ting,Without
0.8475561,SC3,Ting,Without
0.8475561,SC3,Ting,Without
0.8475561,SC3,Ting,Without
0.8475561,SC3,Ting,Without
0.8475561,SC3,Ting,Without
0.6549331,SC3,Yan,Without
0.6549331,SC3,Yan,Without
0.6549331,SC3,Yan,Without
0.6549331,SC3,Yan,Without
0.6549331,SC3,Yan,Without
0.6549331,SC3,Yan,Without
0.6549331,SC3,Yan,Without
0.6549331,SC3,Yan,Without
0.6549331,SC3,Yan,Without
0.6549331,SC3,Yan,Without
0.6549331,SC3,Yan,Without
0.6549331,SC3,Yan,Without
0.6549331,SC3,Yan,Without
0.6549331,SC3,Yan,Without
0.6549331,SC3,Yan,Without
0.6549331,SC3,Yan,Without
0.6549331,SC3,Yan,Without
0.6549331,SC3,Yan,Without
0.6549331,SC3,Yan,Without
0.6549331,SC3,Yan,Without
0.6549331,SC3,Yan,Without
0.6549331,SC3,Yan,Without
0.6549331,SC3,Yan,Without
0.6549331,SC3,Yan,Without
0.6549331,SC3,Yan,Without
0.6549331,SC3,Yan,Without
0.6549331,SC3,Yan,Without
0.6549331,SC3,Yan,Without
0.6549331,SC3,Yan,Without
0.6549331,SC3,Yan,Without
0.6549331,SC3,Yan,Without
0.6549331,SC3,Yan,Without
0.6549331,SC3,Yan,Without
0.6549331,SC3,Yan,Without
0.6549331,SC3,Yan,Without
0.6549331,SC3,Yan,Without
0.6549331,SC3,Yan,Without
0.6549331,SC3,Yan,Without
0.6549331,SC3,Yan,Without
0.6549331,SC3,Yan,Without
0.6549331,SC3,Yan,Without
0.6549331,SC3,Yan,Without
0.6549331,SC3,Yan,Without
0.6549331,SC3,Yan,Without
0.6549331,SC3,Yan,Without
0.6549331,SC3,Yan,Without
0.6549331,SC3,Yan,Without
0.6549331,SC3,Yan,Without
0.6549331,SC3,Yan,Without
0.6549331,SC3,Yan,Without
0.6549331,SC3,Yan,Without
0.6549331,SC3,Yan,Without
0.6549331,SC3,Yan,Without
0.6549331,SC3,Yan,Without
0.6549331,SC3,Yan,Without
0.6549331,SC3,Yan,Without
0.6549331,SC3,Yan,Without
0.6549331,SC3,Yan,Without
0.6549331,SC3,Yan,Without
0.6549331,SC3,Yan,Without
0.6549331,SC3,Yan,Without
0.6549331,SC3,Yan,Without
0.6549331,SC3,Yan,Without
0.6549331,SC3,Yan,Without
0.6549331,SC3,Yan,Without
0.6549331,SC3,Yan,Without
0.6549331,SC3,Yan,Without
0.6549331,SC3,Yan,Without
0.6549331,SC3,Yan,Without
0.6549331,SC3,Yan,Without
0.6549331,SC3,Yan,Without
0.6549331,SC3,Yan,Without
0.6549331,SC3,Yan,Without
0.6549331,SC3,Yan,Without
0.6549331,SC3,Yan,Without
0.6549331,SC3,Yan,Without
0.6549331,SC3,Yan,Without
0.6549331,SC3,Yan,Without
0.6549331,SC3,Yan,Without
0.6549331,SC3,Yan,Without
0.6549331,SC3,Yan,Without
0.6549331,SC3,Yan,Without
0.6549331,SC3,Yan,Without
0.6549331,SC3,Yan,Without
0.6549331,SC3,Yan,Without
0.6549331,SC3,Yan,Without
0.6549331,SC3,Yan,Without
0.6549331,SC3,Yan,Without
0.6549331,SC3,Yan,Without
0.6549331,SC3,Yan,Without
0.6549331,SC3,Yan,Without
0.6549331,SC3,Yan,Without
0.6549331,SC3,Yan,Without
0.6549331,SC3,Yan,Without
0.6549331,SC3,Yan,Without
0.6549331,SC3,Yan,Without
0.6549331,SC3,Yan,Without
0.6549331,SC3,Yan,Without
0.6549331,SC3,Yan,Without
0.6549331,SC3,Yan,Without
0.6874447,SC3,Goolam,Without
0.6874447,SC3,Goolam,Without
0.6874447,SC3,Goolam,Without
0.6874447,SC3,Goolam,Without
0.6874447,SC3,Goolam,Without
0.6874447,SC3,Goolam,Without
0.6874447,SC3,Goolam,Without
0.6874447,SC3,Goolam,Without
0.6874447,SC3,Goolam,Without
0.6874447,SC3,Goolam,Without
0.6874447,SC3,Goolam,Without
0.6874447,SC3,Goolam,Without
0.6874447,SC3,Goolam,Without
0.6874447,SC3,Goolam,Without
0.6874447,SC3,Goolam,Without
0.6874447,SC3,Goolam,Without
0.6874447,SC3,Goolam,Without
0.6874447,SC3,Goolam,Without
0.6874447,SC3,Goolam,Without
0.6874447,SC3,Goolam,Without
0.6874447,SC3,Goolam,Without
0.6874447,SC3,Goolam,Without
0.6874447,SC3,Goolam,Without
0.6874447,SC3,Goolam,Without
0.6874447,SC3,Goolam,Without
0.6874447,SC3,Goolam,Without
0.6874447,SC3,Goolam,Without
0.6874447,SC3,Goolam,Without
0.6874447,SC3,Goolam,Without
0.6874447,SC3,Goolam,Without
0.6874447,SC3,Goolam,Without
0.6874447,SC3,Goolam,Without
0.6874447,SC3,Goolam,Without
0.6874447,SC3,Goolam,Without
0.6874447,SC3,Goolam,Without
0.6874447,SC3,Goolam,Without
0.6874447,SC3,Goolam,Without
0.6874447,SC3,Goolam,Without
0.6874447,SC3,Goolam,Without
0.6874447,SC3,Goolam,Without
0.6874447,SC3,Goolam,Without
0.6874447,SC3,Goolam,Without
0.6874447,SC3,Goolam,Without
0.6874447,SC3,Goolam,Without
0.6874447,SC3,Goolam,Without
0.6874447,SC3,Goolam,Without
0.6874447,SC3,Goolam,Without
0.6874447,SC3,Goolam,Without
0.6874447,SC3,Goolam,Without
0.6874447,SC3,Goolam,Without
0.6874447,SC3,Goolam,Without
0.6874447,SC3,Goolam,Without
0.6874447,SC3,Goolam,Without
0.6874447,SC3,Goolam,Without
0.6874447,SC3,Goolam,Without
0.6874447,SC3,Goolam,Without
0.6874447,SC3,Goolam,Without
0.6874447,SC3,Goolam,Without
0.6874447,SC3,Goolam,Without
0.6874447,SC3,Goolam,Without
0.6874447,SC3,Goolam,Without
0.6874447,SC3,Goolam,Without
0.6874447,SC3,Goolam,Without
0.6874447,SC3,Goolam,Without
0.6874447,SC3,Goolam,Without
0.6874447,SC3,Goolam,Without
0.6874447,SC3,Goolam,Without
0.6874447,SC3,Goolam,Without
0.6874447,SC3,Goolam,Without
0.6874447,SC3,Goolam,Without
0.6874447,SC3,Goolam,Without
0.6874447,SC3,Goolam,Without
0.6874447,SC3,Goolam,Without
0.6874447,SC3,Goolam,Without
0.6874447,SC3,Goolam,Without
0.6874447,SC3,Goolam,Without
0.6874447,SC3,Goolam,Without
0.6874447,SC3,Goolam,Without
0.6874447,SC3,Goolam,Without
0.6874447,SC3,Goolam,Without
0.6874447,SC3,Goolam,Without
0.6874447,SC3,Goolam,Without
0.6874447,SC3,Goolam,Without
0.6874447,SC3,Goolam,Without
0.6874447,SC3,Goolam,Without
0.6874447,SC3,Goolam,Without
0.6874447,SC3,Goolam,Without
0.6874447,SC3,Goolam,Without
0.6874447,SC3,Goolam,Without
0.6874447,SC3,Goolam,Without
0.6874447,SC3,Goolam,Without
0.6874447,SC3,Goolam,Without
0.6874447,SC3,Goolam,Without
0.6874447,SC3,Goolam,Without
0.6874447,SC3,Goolam,Without
0.6874447,SC3,Goolam,Without
0.6874447,SC3,Goolam,Without
0.6874447,SC3,Goolam,Without
0.6874447,SC3,Goolam,Without
0.6874447,SC3,Goolam,Without
0.7212923,SC3,Kolodziejczyk,Without
0.7212923,SC3,Kolodziejczyk,Without
0.7187882,SC3,Kolodziejczyk,Without
0.7212923,SC3,Kolodziejczyk,Without
0.7212923,SC3,Kolodziejczyk,Without
0.7212923,SC3,Kolodziejczyk,Without
0.7212923,SC3,Kolodziejczyk,Without
0.7212923,SC3,Kolodziejczyk,Without
0.7212923,SC3,Kolodziejczyk,Without
0.7212923,SC3,Kolodziejczyk,Without
0.7212923,SC3,Kolodziejczyk,Without
0.7212923,SC3,Kolodziejczyk,Without
0.7212923,SC3,Kolodziejczyk,Without
0.7187882,SC3,Kolodziejczyk,Without
0.7212923,SC3,Kolodziejczyk,Without
0.7212923,SC3,Kolodziejczyk,Without
0.7212923,SC3,Kolodziejczyk,Without
0.7187882,SC3,Kolodziejczyk,Without
0.7212923,SC3,Kolodziejczyk,Without
0.7212923,SC3,Kolodziejczyk,Without
0.7212923,SC3,Kolodziejczyk,Without
0.7187882,SC3,Kolodziejczyk,Without
0.7187882,SC3,Kolodziejczyk,Without
0.7187882,SC3,Kolodziejczyk,Without
0.7212923,SC3,Kolodziejczyk,Without
0.7212923,SC3,Kolodziejczyk,Without
0.7187882,SC3,Kolodziejczyk,Without
0.7212923,SC3,Kolodziejczyk,Without
0.7212923,SC3,Kolodziejczyk,Without
0.7212923,SC3,Kolodziejczyk,Without
0.7212923,SC3,Kolodziejczyk,Without
0.7212923,SC3,Kolodziejczyk,Without
0.7212923,SC3,Kolodziejczyk,Without
0.7212923,SC3,Kolodziejczyk,Without
0.7212923,SC3,Kolodziejczyk,Without
0.7212923,SC3,Kolodziejczyk,Without
0.7212923,SC3,Kolodziejczyk,Without
0.7212923,SC3,Kolodziejczyk,Without
0.7212923,SC3,Kolodziejczyk,Without
0.7212923,SC3,Kolodziejczyk,Without
0.7187882,SC3,Kolodziejczyk,Without
0.7212923,SC3,Kolodziejczyk,Without
0.7212923,SC3,Kolodziejczyk,Without
0.7212923,SC3,Kolodziejczyk,Without
0.7212923,SC3,Kolodziejczyk,Without
0.7187882,SC3,Kolodziejczyk,Without
0.7212923,SC3,Kolodziejczyk,Without
0.7212923,SC3,Kolodziejczyk,Without
0.7187882,SC3,Kolodziejczyk,Without
0.7212923,SC3,Kolodziejczyk,Without
0.7187882,SC3,Kolodziejczyk,Without
0.7212923,SC3,Kolodziejczyk,Without
0.7187882,SC3,Kolodziejczyk,Without
0.7212923,SC3,Kolodziejczyk,Without
0.7212923,SC3,Kolodziejczyk,Without
0.7212923,SC3,Kolodziejczyk,Without
0.7212923,SC3,Kolodziejczyk,Without
0.7212923,SC3,Kolodziejczyk,Without
0.7212923,SC3,Kolodziejczyk,Without
0.7212923,SC3,Kolodziejczyk,Without
0.7212923,SC3,Kolodziejczyk,Without
0.7212923,SC3,Kolodziejczyk,Without
0.7212923,SC3,Kolodziejczyk,Without
0.7212923,SC3,Kolodziejczyk,Without
0.7212923,SC3,Kolodziejczyk,Without
0.7187882,SC3,Kolodziejczyk,Without
0.7212923,SC3,Kolodziejczyk,Without
0.7212923,SC3,Kolodziejczyk,Without
0.7212923,SC3,Kolodziejczyk,Without
0.7212923,SC3,Kolodziejczyk,Without
0.7212923,SC3,Kolodziejczyk,Without
0.7212923,SC3,Kolodziejczyk,Without
0.7212923,SC3,Kolodziejczyk,Without
0.7212923,SC3,Kolodziejczyk,Without
0.7212923,SC3,Kolodziejczyk,Without
0.7187882,SC3,Kolodziejczyk,Without
0.7212923,SC3,Kolodziejczyk,Without
0.7212923,SC3,Kolodziejczyk,Without
0.7187882,SC3,Kolodziejczyk,Without
0.7212923,SC3,Kolodziejczyk,Without
0.7212923,SC3,Kolodziejczyk,Without
0.7212923,SC3,Kolodziejczyk,Without
0.7212923,SC3,Kolodziejczyk,Without
0.7187882,SC3,Kolodziejczyk,Without
0.7212923,SC3,Kolodziejczyk,Without
0.7187882,SC3,Kolodziejczyk,Without
0.7212923,SC3,Kolodziejczyk,Without
0.7212923,SC3,Kolodziejczyk,Without
0.7212923,SC3,Kolodziejczyk,Without
0.7212923,SC3,Kolodziejczyk,Without
0.7212923,SC3,Kolodziejczyk,Without
0.7187882,SC3,Kolodziejczyk,Without
0.7212923,SC3,Kolodziejczyk,Without
0.7212923,SC3,Kolodziejczyk,Without
0.7187882,SC3,Kolodziejczyk,Without
0.7187882,SC3,Kolodziejczyk,Without
0.7187882,SC3,Kolodziejczyk,Without
0.7212923,SC3,Kolodziejczyk,Without
0.7212923,SC3,Kolodziejczyk,Without
0.7187523,SC3,Kolodziejczyk,Without
