ARI,Method,Dataset
0.7918874,Individual,Biase
0.9675963,Individual,Biase
0.829308,Individual,Biase
0.7918874,Individual,Biase
0.9126029,Individual,Biase
0.829308,Individual,Biase
0.8509311,Individual,Biase
0.7918874,Individual,Biase
0.8509311,Individual,Biase
0.9241044,Individual,Biase
0.8509311,Individual,Biase
0.9675963,Individual,Biase
0.9241044,Individual,Biase
0.829308,Individual,Biase
0.8509311,Individual,Biase
0.8509311,Individual,Biase
0.7918874,Individual,Biase
0.7918874,Individual,Biase
0.9675963,Individual,Biase
0.9241044,Individual,Biase
0.9126029,Individual,Biase
0.829308,Individual,Biase
0.8509311,Individual,Biase
0.829308,Individual,Biase
0.9126029,Individual,Biase
0.829308,Individual,Biase
0.8509311,Individual,Biase
0.9126029,Individual,Biase
0.829308,Individual,Biase
0.9241044,Individual,Biase
0.829308,Individual,Biase
0.9241044,Individual,Biase
0.9675963,Individual,Biase
0.7918874,Individual,Biase
0.9241044,Individual,Biase
0.9126029,Individual,Biase
0.829308,Individual,Biase
0.7918874,Individual,Biase
0.7918874,Individual,Biase
0.9675963,Individual,Biase
0.8509311,Individual,Biase
0.9241044,Individual,Biase
0.7918874,Individual,Biase
0.9126029,Individual,Biase
0.9126029,Individual,Biase
0.9126029,Individual,Biase
0.9126029,Individual,Biase
0.7918874,Individual,Biase
0.9241044,Individual,Biase
0.9675963,Individual,Biase
0.9675963,Individual,Biase
0.7918874,Individual,Biase
0.9675963,Individual,Biase
0.9675963,Individual,Biase
0.9675963,Individual,Biase
0.8509311,Individual,Biase
0.9241044,Individual,Biase
0.7918874,Individual,Biase
0.829308,Individual,Biase
0.8509311,Individual,Biase
0.8509311,Individual,Biase
0.9241044,Individual,Biase
0.9241044,Individual,Biase
0.829308,Individual,Biase
0.9675963,Individual,Biase
0.829308,Individual,Biase
0.9126029,Individual,Biase
0.8509311,Individual,Biase
0.8509311,Individual,Biase
0.7918874,Individual,Biase
0.9241044,Individual,Biase
0.7918874,Individual,Biase
0.9675963,Individual,Biase
0.9241044,Individual,Biase
0.829308,Individual,Biase
0.7918874,Individual,Biase
0.9126029,Individual,Biase
0.8509311,Individual,Biase
0.9675963,Individual,Biase
0.8509311,Individual,Biase
0.9675963,Individual,Biase
0.8509311,Individual,Biase
0.9675963,Individual,Biase
0.829308,Individual,Biase
0.9126029,Individual,Biase
0.8509311,Individual,Biase
0.8509311,Individual,Biase
0.829308,Individual,Biase
0.9241044,Individual,Biase
0.9126029,Individual,Biase
0.829308,Individual,Biase
0.9241044,Individual,Biase
0.9675963,Individual,Biase
0.9126029,Individual,Biase
0.9126029,Individual,Biase
0.9675963,Individual,Biase
0.7918874,Individual,Biase
0.9241044,Individual,Biase
0.7918874,Individual,Biase
0.7918874,Individual,Biase
0.9675963,Consensus,Biase
0.9675963,Consensus,Biase
0.9675963,Consensus,Biase
0.9675963,Consensus,Biase
0.9675963,Consensus,Biase
0.9675963,Consensus,Biase
0.9675963,Consensus,Biase
0.9675963,Consensus,Biase
0.9675963,Consensus,Biase
0.9675963,Consensus,Biase
0.9675963,Consensus,Biase
0.9675963,Consensus,Biase
0.9675963,Consensus,Biase
0.9675963,Consensus,Biase
0.9675963,Consensus,Biase
0.9675963,Consensus,Biase
0.9675963,Consensus,Biase
0.9675963,Consensus,Biase
0.9675963,Consensus,Biase
0.9675963,Consensus,Biase
0.9675963,Consensus,Biase
0.9675963,Consensus,Biase
0.9675963,Consensus,Biase
0.9675963,Consensus,Biase
0.9675963,Consensus,Biase
0.9675963,Consensus,Biase
0.9675963,Consensus,Biase
0.9675963,Consensus,Biase
0.9675963,Consensus,Biase
0.9675963,Consensus,Biase
0.9675963,Consensus,Biase
0.9675963,Consensus,Biase
0.9675963,Consensus,Biase
0.9675963,Consensus,Biase
0.9675963,Consensus,Biase
0.9675963,Consensus,Biase
0.9675963,Consensus,Biase
0.9675963,Consensus,Biase
0.9675963,Consensus,Biase
0.9675963,Consensus,Biase
0.9675963,Consensus,Biase
0.9675963,Consensus,Biase
0.9675963,Consensus,Biase
0.9675963,Consensus,Biase
0.9675963,Consensus,Biase
0.9675963,Consensus,Biase
0.9675963,Consensus,Biase
0.9675963,Consensus,Biase
0.9675963,Consensus,Biase
0.9675963,Consensus,Biase
0.9675963,Consensus,Biase
0.9675963,Consensus,Biase
0.9675963,Consensus,Biase
0.9675963,Consensus,Biase
0.9675963,Consensus,Biase
0.9675963,Consensus,Biase
0.9675963,Consensus,Biase
0.9675963,Consensus,Biase
0.9675963,Consensus,Biase
0.9675963,Consensus,Biase
0.9675963,Consensus,Biase
0.9675963,Consensus,Biase
0.9675963,Consensus,Biase
0.9675963,Consensus,Biase
0.9675963,Consensus,Biase
0.9675963,Consensus,Biase
0.9675963,Consensus,Biase
0.9675963,Consensus,Biase
0.9675963,Consensus,Biase
0.9675963,Consensus,Biase
0.9675963,Consensus,Biase
0.9675963,Consensus,Biase
0.9675963,Consensus,Biase
0.9675963,Consensus,Biase
0.9675963,Consensus,Biase
0.9675963,Consensus,Biase
0.9675963,Consensus,Biase
0.9675963,Consensus,Biase
0.9675963,Consensus,Biase
0.9675963,Consensus,Biase
0.9675963,Consensus,Biase
0.9675963,Consensus,Biase
0.9675963,Consensus,Biase
0.9675963,Consensus,Biase
0.9675963,Consensus,Biase
0.9675963,Consensus,Biase
0.9675963,Consensus,Biase
0.9675963,Consensus,Biase
0.9675963,Consensus,Biase
0.9675963,Consensus,Biase
0.9675963,Consensus,Biase
0.9675963,Consensus,Biase
0.9675963,Consensus,Biase
0.9675963,Consensus,Biase
0.9675963,Consensus,Biase
0.9675963,Consensus,Biase
0.9675963,Consensus,Biase
0.9675963,Consensus,Biase
0.9675963,Consensus,Biase
0.9675963,Consensus,Biase
0.6760014,Individual,Deng
0.7722808,Individual,Deng
0.6123799,Individual,Deng
0.7094834,Individual,Deng
0.5890698,Individual,Deng
0.6711959,Individual,Deng
0.6437378,Individual,Deng
0.7714962,Individual,Deng
0.660305,Individual,Deng
0.5886082,Individual,Deng
0.7722808,Individual,Deng
0.6123343,Individual,Deng
0.7714962,Individual,Deng
0.4816425,Individual,Deng
0.560135,Individual,Deng
0.6939611,Individual,Deng
0.6569408,Individual,Deng
0.6641556,Individual,Deng
0.6437378,Individual,Deng
0.7733079,Individual,Deng
0.6800484,Individual,Deng
0.7532214,Individual,Deng
0.6711959,Individual,Deng
0.6720408,Individual,Deng
0.6787076,Individual,Deng
0.5746491,Individual,Deng
0.6471786,Individual,Deng
0.6711959,Individual,Deng
0.6576012,Individual,Deng
0.6837559,Individual,Deng
0.7731867,Individual,Deng
0.5108143,Individual,Deng
0.6783885,Individual,Deng
0.5986322,Individual,Deng
0.7474257,Individual,Deng
0.7714962,Individual,Deng
0.6563179,Individual,Deng
0.7733079,Individual,Deng
0.7764405,Individual,Deng
0.7714962,Individual,Deng
0.7733079,Individual,Deng
0.7313248,Individual,Deng
0.7733079,Individual,Deng
0.5103713,Individual,Deng
0.5358254,Individual,Deng
0.8109636,Individual,Deng
0.7714962,Individual,Deng
0.6711959,Individual,Deng
0.5260693,Individual,Deng
0.5407547,Individual,Deng
0.5713442,Individual,Deng
0.6792187,Individual,Deng
0.7313248,Individual,Deng
0.6720408,Individual,Deng
0.6904157,Individual,Deng
0.6420711,Individual,Deng
0.7714962,Individual,Deng
0.7821995,Individual,Deng
0.8113636,Individual,Deng
0.7626897,Individual,Deng
0.6002769,Individual,Deng
0.6675317,Individual,Deng
0.6760014,Individual,Deng
0.6837559,Individual,Deng
0.759091,Individual,Deng
0.6611166,Individual,Deng
0.6070137,Individual,Deng
0.7537012,Individual,Deng
0.628636,Individual,Deng
0.6760014,Individual,Deng
0.8015908,Individual,Deng
0.6670041,Individual,Deng
0.6904157,Individual,Deng
0.60468,Individual,Deng
0.5140068,Individual,Deng
0.6563179,Individual,Deng
0.6720408,Individual,Deng
0.7821995,Individual,Deng
0.8032038,Individual,Deng
0.6134483,Individual,Deng
0.8109636,Individual,Deng
0.5922277,Individual,Deng
0.4711574,Individual,Deng
0.8016135,Individual,Deng
0.4707877,Individual,Deng
0.5952595,Individual,Deng
0.599023,Individual,Deng
0.6681201,Individual,Deng
0.5890698,Individual,Deng
0.4816425,Individual,Deng
0.674936,Individual,Deng
0.6760014,Individual,Deng
0.7532214,Individual,Deng
0.6720408,Individual,Deng
0.6661641,Individual,Deng
0.7733079,Individual,Deng
0.6496219,Individual,Deng
0.673299,Individual,Deng
0.5888346,Individual,Deng
0.7763731,Individual,Deng
0.6658896,Consensus,Deng
0.6658896,Consensus,Deng
0.6634817,Consensus,Deng
0.6634817,Consensus,Deng
0.6658896,Consensus,Deng
0.6658896,Consensus,Deng
0.6658896,Consensus,Deng
0.6658896,Consensus,Deng
0.6658896,Consensus,Deng
0.6658896,Consensus,Deng
0.6658896,Consensus,Deng
0.6658896,Consensus,Deng
0.6658896,Consensus,Deng
0.6658896,Consensus,Deng
0.6658896,Consensus,Deng
0.6658896,Consensus,Deng
0.6658896,Consensus,Deng
0.6658896,Consensus,Deng
0.6658896,Consensus,Deng
0.6658896,Consensus,Deng
0.6658896,Consensus,Deng
0.6658896,Consensus,Deng
0.6658896,Consensus,Deng
0.6658896,Consensus,Deng
0.6658896,Consensus,Deng
0.6658896,Consensus,Deng
0.6634817,Consensus,Deng
0.6634817,Consensus,Deng
0.6658896,Consensus,Deng
0.6658896,Consensus,Deng
0.6634817,Consensus,Deng
0.6658896,Consensus,Deng
0.6658896,Consensus,Deng
0.6658896,Consensus,Deng
0.6658896,Consensus,Deng
0.6658896,Consensus,Deng
0.6634817,Consensus,Deng
0.6658896,Consensus,Deng
0.6658896,Consensus,Deng
0.6658896,Consensus,Deng
0.6658896,Consensus,Deng
0.6658896,Consensus,Deng
0.6658896,Consensus,Deng
0.6658896,Consensus,Deng
0.6658896,Consensus,Deng
0.6658896,Consensus,Deng
0.6658896,Consensus,Deng
0.6658896,Consensus,Deng
0.6658896,Consensus,Deng
0.6658896,Consensus,Deng
0.6658896,Consensus,Deng
0.6658896,Consensus,Deng
0.6658896,Consensus,Deng
0.6658896,Consensus,Deng
0.6658896,Consensus,Deng
0.6658896,Consensus,Deng
0.6658896,Consensus,Deng
0.6658896,Consensus,Deng
0.6658896,Consensus,Deng
0.6658896,Consensus,Deng
0.6658896,Consensus,Deng
0.6658896,Consensus,Deng
0.6658896,Consensus,Deng
0.6658896,Consensus,Deng
0.6658896,Consensus,Deng
0.6658896,Consensus,Deng
0.6634817,Consensus,Deng
0.7790455,Consensus,Deng
0.6658896,Consensus,Deng
0.6658896,Consensus,Deng
0.6658896,Consensus,Deng
0.6658896,Consensus,Deng
0.6658896,Consensus,Deng
0.6658896,Consensus,Deng
0.6658896,Consensus,Deng
0.6658896,Consensus,Deng
0.6658896,Consensus,Deng
0.6658896,Consensus,Deng
0.6634817,Consensus,Deng
0.6634817,Consensus,Deng
0.6658896,Consensus,Deng
0.6634817,Consensus,Deng
0.6658896,Consensus,Deng
0.6658896,Consensus,Deng
0.6658896,Consensus,Deng
0.6658896,Consensus,Deng
0.6658896,Consensus,Deng
0.7790455,Consensus,Deng
0.6658896,Consensus,Deng
0.6658896,Consensus,Deng
0.6634817,Consensus,Deng
0.6634817,Consensus,Deng
0.6658896,Consensus,Deng
0.6634817,Consensus,Deng
0.6658896,Consensus,Deng
0.6658896,Consensus,Deng
0.6658896,Consensus,Deng
0.6658896,Consensus,Deng
0.7790455,Consensus,Deng
0.6658896,Consensus,Deng
0.6760959,Individual,Goolam
0.9140961,Individual,Goolam
0.9140961,Individual,Goolam
0.6874447,Individual,Goolam
0.6874447,Individual,Goolam
0.6760959,Individual,Goolam
0.6760959,Individual,Goolam
0.6760959,Individual,Goolam
0.6783564,Individual,Goolam
0.9140961,Individual,Goolam
0.6874447,Individual,Goolam
0.6783564,Individual,Goolam
0.6874447,Individual,Goolam
0.6874447,Individual,Goolam
0.6760959,Individual,Goolam
0.6783564,Individual,Goolam
0.6760959,Individual,Goolam
0.6760959,Individual,Goolam
0.6874447,Individual,Goolam
0.6760959,Individual,Goolam
0.6874447,Individual,Goolam
0.6783564,Individual,Goolam
0.9140961,Individual,Goolam
0.6760959,Individual,Goolam
0.6760959,Individual,Goolam
0.6874447,Individual,Goolam
0.9140961,Individual,Goolam
0.6874447,Individual,Goolam
0.6874447,Individual,Goolam
0.6874447,Individual,Goolam
0.6874447,Individual,Goolam
0.6760959,Individual,Goolam
0.6874447,Individual,Goolam
0.6783564,Individual,Goolam
0.6783564,Individual,Goolam
0.6760959,Individual,Goolam
0.9140961,Individual,Goolam
0.6874447,Individual,Goolam
0.6874447,Individual,Goolam
0.9140961,Individual,Goolam
0.6783564,Individual,Goolam
0.6874447,Individual,Goolam
0.6874447,Individual,Goolam
0.6783564,Individual,Goolam
0.6874447,Individual,Goolam
0.6874447,Individual,Goolam
0.6760959,Individual,Goolam
0.9140961,Individual,Goolam
0.6760959,Individual,Goolam
0.6783564,Individual,Goolam
0.6874447,Individual,Goolam
0.6874447,Individual,Goolam
0.9140961,Individual,Goolam
0.6874447,Individual,Goolam
0.6874447,Individual,Goolam
0.6760959,Individual,Goolam
0.6783564,Individual,Goolam
0.6783564,Individual,Goolam
0.9140961,Individual,Goolam
0.6874447,Individual,Goolam
0.9140961,Individual,Goolam
0.6783564,Individual,Goolam
0.6760959,Individual,Goolam
0.6760959,Individual,Goolam
0.6760959,Individual,Goolam
0.6760959,Individual,Goolam
0.6760959,Individual,Goolam
0.6760959,Individual,Goolam
0.6760959,Individual,Goolam
0.6760959,Individual,Goolam
0.9140961,Individual,Goolam
0.6783564,Individual,Goolam
0.6874447,Individual,Goolam
0.6874447,Individual,Goolam
0.6874447,Individual,Goolam
0.6874447,Individual,Goolam
0.6760959,Individual,Goolam
0.9140961,Individual,Goolam
0.9140961,Individual,Goolam
0.6783564,Individual,Goolam
0.6760959,Individual,Goolam
0.6760959,Individual,Goolam
0.6760959,Individual,Goolam
0.9140961,Individual,Goolam
0.6874447,Individual,Goolam
0.6874447,Individual,Goolam
0.6874447,Individual,Goolam
0.9140961,Individual,Goolam
0.6760959,Individual,Goolam
0.6760959,Individual,Goolam
0.6874447,Individual,Goolam
0.6874447,Individual,Goolam
0.6874447,Individual,Goolam
0.6874447,Individual,Goolam
0.9140961,Individual,Goolam
0.6874447,Individual,Goolam
0.6874447,Individual,Goolam
0.6874447,Individual,Goolam
0.6760959,Individual,Goolam
0.6760959,Individual,Goolam
0.6874447,Consensus,Goolam
0.6874447,Consensus,Goolam
0.6874447,Consensus,Goolam
0.6874447,Consensus,Goolam
0.6874447,Consensus,Goolam
0.6874447,Consensus,Goolam
0.6874447,Consensus,Goolam
0.6874447,Consensus,Goolam
0.6874447,Consensus,Goolam
0.6874447,Consensus,Goolam
0.6874447,Consensus,Goolam
0.6874447,Consensus,Goolam
0.6874447,Consensus,Goolam
0.6874447,Consensus,Goolam
0.6874447,Consensus,Goolam
0.6874447,Consensus,Goolam
0.6874447,Consensus,Goolam
0.6874447,Consensus,Goolam
0.6874447,Consensus,Goolam
0.6874447,Consensus,Goolam
0.6874447,Consensus,Goolam
0.6874447,Consensus,Goolam
0.6874447,Consensus,Goolam
0.6874447,Consensus,Goolam
0.6874447,Consensus,Goolam
0.6874447,Consensus,Goolam
0.6874447,Consensus,Goolam
0.6874447,Consensus,Goolam
0.6874447,Consensus,Goolam
0.6874447,Consensus,Goolam
0.6874447,Consensus,Goolam
0.6874447,Consensus,Goolam
0.6874447,Consensus,Goolam
0.6874447,Consensus,Goolam
0.6874447,Consensus,Goolam
0.6874447,Consensus,Goolam
0.6874447,Consensus,Goolam
0.6874447,Consensus,Goolam
0.6874447,Consensus,Goolam
0.6874447,Consensus,Goolam
0.6874447,Consensus,Goolam
0.6874447,Consensus,Goolam
0.6874447,Consensus,Goolam
0.6874447,Consensus,Goolam
0.6874447,Consensus,Goolam
0.6874447,Consensus,Goolam
0.6874447,Consensus,Goolam
0.6874447,Consensus,Goolam
0.6874447,Consensus,Goolam
0.6874447,Consensus,Goolam
0.6874447,Consensus,Goolam
0.6874447,Consensus,Goolam
0.6874447,Consensus,Goolam
0.6874447,Consensus,Goolam
0.6874447,Consensus,Goolam
0.6874447,Consensus,Goolam
0.6874447,Consensus,Goolam
0.6874447,Consensus,Goolam
0.6874447,Consensus,Goolam
0.6874447,Consensus,Goolam
0.6874447,Consensus,Goolam
0.6874447,Consensus,Goolam
0.6874447,Consensus,Goolam
0.6874447,Consensus,Goolam
0.6874447,Consensus,Goolam
0.6874447,Consensus,Goolam
0.6874447,Consensus,Goolam
0.6874447,Consensus,Goolam
0.6874447,Consensus,Goolam
0.6874447,Consensus,Goolam
0.6874447,Consensus,Goolam
0.6874447,Consensus,Goolam
0.6874447,Consensus,Goolam
0.6874447,Consensus,Goolam
0.6874447,Consensus,Goolam
0.6874447,Consensus,Goolam
0.6874447,Consensus,Goolam
0.6874447,Consensus,Goolam
0.6874447,Consensus,Goolam
0.6874447,Consensus,Goolam
0.6874447,Consensus,Goolam
0.6874447,Consensus,Goolam
0.6874447,Consensus,Goolam
0.6874447,Consensus,Goolam
0.6874447,Consensus,Goolam
0.6874447,Consensus,Goolam
0.6874447,Consensus,Goolam
0.6874447,Consensus,Goolam
0.6874447,Consensus,Goolam
0.6874447,Consensus,Goolam
0.6874447,Consensus,Goolam
0.6874447,Consensus,Goolam
0.6874447,Consensus,Goolam
0.6874447,Consensus,Goolam
0.6874447,Consensus,Goolam
0.6874447,Consensus,Goolam
0.6874447,Consensus,Goolam
0.6874447,Consensus,Goolam
0.6874447,Consensus,Goolam
0.6874447,Consensus,Goolam
0.8068815,Individual,Klein
1,Individual,Klein
0.9953926,Individual,Klein
0.8023911,Individual,Klein
0.5426442,Individual,Klein
0.8023772,Individual,Klein
1,Individual,Klein
0.5593844,Individual,Klein
0.8023911,Individual,Klein
0.9820969,Individual,Klein
0.9820969,Individual,Klein
1,Individual,Klein
1,Individual,Klein
0.9953926,Individual,Klein
0.9960463,Individual,Klein
0.8020073,Individual,Klein
1,Individual,Klein
0.5618209,Individual,Klein
0.8009056,Individual,Klein
0.8068815,Individual,Klein
0.9827218,Individual,Klein
0.8009056,Individual,Klein
0.8068815,Individual,Klein
0.9947404,Individual,Klein
0.9953926,Individual,Klein
0.9953926,Individual,Klein
0.5401159,Individual,Klein
0.5423035,Individual,Klein
0.8001777,Individual,Klein
0.9953926,Individual,Klein
0.9833483,Individual,Klein
0.9953926,Individual,Klein
0.9820969,Individual,Klein
1,Individual,Klein
0.56326,Individual,Klein
0.8020073,Individual,Klein
0.5522142,Individual,Klein
0.9947404,Individual,Klein
0.9953926,Individual,Klein
0.5486223,Individual,Klein
0.5494881,Individual,Klein
0.8027484,Individual,Klein
0.8009277,Individual,Klein
0.8061454,Individual,Klein
0.9960463,Individual,Klein
0.5431696,Individual,Klein
0.8068999,Individual,Klein
0.8068815,Individual,Klein
0.5493929,Individual,Klein
0.9827218,Individual,Klein
0.9960463,Individual,Klein
0.8023772,Individual,Klein
1,Individual,Klein
1,Individual,Klein
0.9960463,Individual,Klein
0.8020073,Individual,Klein
0.8020073,Individual,Klein
0.80612,Individual,Klein
0.5565638,Individual,Klein
1,Individual,Klein
0.8053821,Individual,Klein
0.552828,Individual,Klein
0.9827218,Individual,Klein
0.8065185,Individual,Klein
0.9820969,Individual,Klein
0.5366673,Individual,Klein
0.8053821,Individual,Klein
1,Individual,Klein
0.8068999,Individual,Klein
0.9833483,Individual,Klein
0.8057631,Individual,Klein
0.8027602,Individual,Klein
1,Individual,Klein
1,Individual,Klein
0.9960463,Individual,Klein
1,Individual,Klein
1,Individual,Klein
0.5498321,Individual,Klein
0.9820969,Individual,Klein
0.9953926,Individual,Klein
0.8061454,Individual,Klein
0.9833483,Individual,Klein
0.5562625,Individual,Klein
0.5710846,Individual,Klein
0.5611535,Individual,Klein
0.9827218,Individual,Klein
1,Individual,Klein
1,Individual,Klein
0.8053821,Individual,Klein
0.9953926,Individual,Klein
0.9827218,Individual,Klein
0.8050059,Individual,Klein
0.8053821,Individual,Klein
0.8020073,Individual,Klein
1,Individual,Klein
0.5522757,Individual,Klein
0.8050251,Individual,Klein
0.8065185,Individual,Klein
0.9820969,Individual,Klein
0.551926,Individual,Klein
0.8675587,Consensus,Klein
0.8675587,Consensus,Klein
0.8675587,Consensus,Klein
0.8675587,Consensus,Klein
0.8675587,Consensus,Klein
0.8675587,Consensus,Klein
0.8675587,Consensus,Klein
0.8675587,Consensus,Klein
0.8675587,Consensus,Klein
0.8675587,Consensus,Klein
0.8675587,Consensus,Klein
0.8675587,Consensus,Klein
0.8675587,Consensus,Klein
0.8675587,Consensus,Klein
0.8675587,Consensus,Klein
0.8675587,Consensus,Klein
0.8675587,Consensus,Klein
0.8675587,Consensus,Klein
0.8675587,Consensus,Klein
0.8675587,Consensus,Klein
0.8675587,Consensus,Klein
0.8675587,Consensus,Klein
0.8675587,Consensus,Klein
0.8675587,Consensus,Klein
0.8675587,Consensus,Klein
0.8675587,Consensus,Klein
0.8675587,Consensus,Klein
0.8675587,Consensus,Klein
0.8675587,Consensus,Klein
0.8675587,Consensus,Klein
0.8675587,Consensus,Klein
0.8675587,Consensus,Klein
0.8675587,Consensus,Klein
0.8675587,Consensus,Klein
0.8675587,Consensus,Klein
0.8675587,Consensus,Klein
0.8675587,Consensus,Klein
0.8675587,Consensus,Klein
0.8675587,Consensus,Klein
0.8675587,Consensus,Klein
0.8675587,Consensus,Klein
0.8675587,Consensus,Klein
0.8675587,Consensus,Klein
0.8675587,Consensus,Klein
0.8675587,Consensus,Klein
0.8675587,Consensus,Klein
0.8675587,Consensus,Klein
0.8675587,Consensus,Klein
0.8675587,Consensus,Klein
0.8675587,Consensus,Klein
0.8675587,Consensus,Klein
0.8675587,Consensus,Klein
0.8675587,Consensus,Klein
0.8675587,Consensus,Klein
0.8675587,Consensus,Klein
0.8675587,Consensus,Klein
0.8675587,Consensus,Klein
0.8675587,Consensus,Klein
0.8675587,Consensus,Klein
0.8675587,Consensus,Klein
0.8675587,Consensus,Klein
0.8675587,Consensus,Klein
0.8675587,Consensus,Klein
0.8675587,Consensus,Klein
0.8675587,Consensus,Klein
0.8675587,Consensus,Klein
0.8675587,Consensus,Klein
0.8675587,Consensus,Klein
0.8675587,Consensus,Klein
0.8675587,Consensus,Klein
0.8675587,Consensus,Klein
0.8675587,Consensus,Klein
0.8675587,Consensus,Klein
0.8675587,Consensus,Klein
0.8675587,Consensus,Klein
0.8675587,Consensus,Klein
0.8675587,Consensus,Klein
0.8675587,Consensus,Klein
0.8675587,Consensus,Klein
0.8675587,Consensus,Klein
0.8675587,Consensus,Klein
0.8675587,Consensus,Klein
0.8675587,Consensus,Klein
0.8675587,Consensus,Klein
0.8675587,Consensus,Klein
0.8675587,Consensus,Klein
0.8675587,Consensus,Klein
0.8675587,Consensus,Klein
0.8675587,Consensus,Klein
0.8675587,Consensus,Klein
0.8675587,Consensus,Klein
0.8675587,Consensus,Klein
0.8675587,Consensus,Klein
0.8675587,Consensus,Klein
0.8675587,Consensus,Klein
0.8675587,Consensus,Klein
0.8675587,Consensus,Klein
0.8675587,Consensus,Klein
0.8675587,Consensus,Klein
0.8675587,Consensus,Klein
1,Individual,Kolodziejczyk
1,Individual,Kolodziejczyk
1,Individual,Kolodziejczyk
0.6270671,Individual,Kolodziejczyk
1,Individual,Kolodziejczyk
1,Individual,Kolodziejczyk
1,Individual,Kolodziejczyk
0.6270671,Individual,Kolodziejczyk
1,Individual,Kolodziejczyk
1,Individual,Kolodziejczyk
1,Individual,Kolodziejczyk
0.9919956,Individual,Kolodziejczyk
0.9919956,Individual,Kolodziejczyk
1,Individual,Kolodziejczyk
0.6270671,Individual,Kolodziejczyk
0.6270671,Individual,Kolodziejczyk
1,Individual,Kolodziejczyk
1,Individual,Kolodziejczyk
0.9919956,Individual,Kolodziejczyk
0.6270671,Individual,Kolodziejczyk
1,Individual,Kolodziejczyk
0.6270671,Individual,Kolodziejczyk
1,Individual,Kolodziejczyk
1,Individual,Kolodziejczyk
0.9919956,Individual,Kolodziejczyk
1,Individual,Kolodziejczyk
0.9919956,Individual,Kolodziejczyk
0.6270671,Individual,Kolodziejczyk
1,Individual,Kolodziejczyk
1,Individual,Kolodziejczyk
0.9919956,Individual,Kolodziejczyk
1,Individual,Kolodziejczyk
0.9919956,Individual,Kolodziejczyk
0.9919956,Individual,Kolodziejczyk
1,Individual,Kolodziejczyk
0.9919956,Individual,Kolodziejczyk
1,Individual,Kolodziejczyk
1,Individual,Kolodziejczyk
0.6270671,Individual,Kolodziejczyk
1,Individual,Kolodziejczyk
0.6270671,Individual,Kolodziejczyk
1,Individual,Kolodziejczyk
1,Individual,Kolodziejczyk
1,Individual,Kolodziejczyk
0.9919956,Individual,Kolodziejczyk
0.9919956,Individual,Kolodziejczyk
0.9919956,Individual,Kolodziejczyk
1,Individual,Kolodziejczyk
1,Individual,Kolodziejczyk
1,Individual,Kolodziejczyk
1,Individual,Kolodziejczyk
0.9919956,Individual,Kolodziejczyk
1,Individual,Kolodziejczyk
0.9919956,Individual,Kolodziejczyk
1,Individual,Kolodziejczyk
1,Individual,Kolodziejczyk
0.9919956,Individual,Kolodziejczyk
0.9919956,Individual,Kolodziejczyk
0.9919956,Individual,Kolodziejczyk
1,Individual,Kolodziejczyk
0.9919956,Individual,Kolodziejczyk
1,Individual,Kolodziejczyk
1,Individual,Kolodziejczyk
0.6270671,Individual,Kolodziejczyk
1,Individual,Kolodziejczyk
0.9919956,Individual,Kolodziejczyk
1,Individual,Kolodziejczyk
1,Individual,Kolodziejczyk
1,Individual,Kolodziejczyk
0.6270671,Individual,Kolodziejczyk
0.9919956,Individual,Kolodziejczyk
1,Individual,Kolodziejczyk
1,Individual,Kolodziejczyk
0.6270671,Individual,Kolodziejczyk
0.9919956,Individual,Kolodziejczyk
1,Individual,Kolodziejczyk
1,Individual,Kolodziejczyk
0.9919956,Individual,Kolodziejczyk
0.9919956,Individual,Kolodziejczyk
0.9919956,Individual,Kolodziejczyk
0.9919956,Individual,Kolodziejczyk
1,Individual,Kolodziejczyk
0.6270671,Individual,Kolodziejczyk
0.6270671,Individual,Kolodziejczyk
1,Individual,Kolodziejczyk
1,Individual,Kolodziejczyk
1,Individual,Kolodziejczyk
0.6270671,Individual,Kolodziejczyk
0.6270671,Individual,Kolodziejczyk
0.9919956,Individual,Kolodziejczyk
0.9919956,Individual,Kolodziejczyk
1,Individual,Kolodziejczyk
0.9919956,Individual,Kolodziejczyk
1,Individual,Kolodziejczyk
1,Individual,Kolodziejczyk
0.9919956,Individual,Kolodziejczyk
0.9919956,Individual,Kolodziejczyk
1,Individual,Kolodziejczyk
0.9919956,Individual,Kolodziejczyk
0.6270671,Individual,Kolodziejczyk
1,Consensus,Kolodziejczyk
1,Consensus,Kolodziejczyk
1,Consensus,Kolodziejczyk
1,Consensus,Kolodziejczyk
1,Consensus,Kolodziejczyk
1,Consensus,Kolodziejczyk
1,Consensus,Kolodziejczyk
1,Consensus,Kolodziejczyk
1,Consensus,Kolodziejczyk
1,Consensus,Kolodziejczyk
1,Consensus,Kolodziejczyk
1,Consensus,Kolodziejczyk
1,Consensus,Kolodziejczyk
1,Consensus,Kolodziejczyk
1,Consensus,Kolodziejczyk
1,Consensus,Kolodziejczyk
1,Consensus,Kolodziejczyk
1,Consensus,Kolodziejczyk
1,Consensus,Kolodziejczyk
1,Consensus,Kolodziejczyk
1,Consensus,Kolodziejczyk
1,Consensus,Kolodziejczyk
1,Consensus,Kolodziejczyk
1,Consensus,Kolodziejczyk
1,Consensus,Kolodziejczyk
1,Consensus,Kolodziejczyk
1,Consensus,Kolodziejczyk
1,Consensus,Kolodziejczyk
1,Consensus,Kolodziejczyk
1,Consensus,Kolodziejczyk
1,Consensus,Kolodziejczyk
1,Consensus,Kolodziejczyk
1,Consensus,Kolodziejczyk
1,Consensus,Kolodziejczyk
1,Consensus,Kolodziejczyk
1,Consensus,Kolodziejczyk
1,Consensus,Kolodziejczyk
1,Consensus,Kolodziejczyk
1,Consensus,Kolodziejczyk
1,Consensus,Kolodziejczyk
1,Consensus,Kolodziejczyk
1,Consensus,Kolodziejczyk
1,Consensus,Kolodziejczyk
1,Consensus,Kolodziejczyk
1,Consensus,Kolodziejczyk
1,Consensus,Kolodziejczyk
1,Consensus,Kolodziejczyk
1,Consensus,Kolodziejczyk
1,Consensus,Kolodziejczyk
1,Consensus,Kolodziejczyk
1,Consensus,Kolodziejczyk
1,Consensus,Kolodziejczyk
1,Consensus,Kolodziejczyk
1,Consensus,Kolodziejczyk
1,Consensus,Kolodziejczyk
1,Consensus,Kolodziejczyk
1,Consensus,Kolodziejczyk
1,Consensus,Kolodziejczyk
1,Consensus,Kolodziejczyk
1,Consensus,Kolodziejczyk
1,Consensus,Kolodziejczyk
1,Consensus,Kolodziejczyk
1,Consensus,Kolodziejczyk
1,Consensus,Kolodziejczyk
1,Consensus,Kolodziejczyk
1,Consensus,Kolodziejczyk
1,Consensus,Kolodziejczyk
1,Consensus,Kolodziejczyk
1,Consensus,Kolodziejczyk
1,Consensus,Kolodziejczyk
1,Consensus,Kolodziejczyk
1,Consensus,Kolodziejczyk
1,Consensus,Kolodziejczyk
1,Consensus,Kolodziejczyk
1,Consensus,Kolodziejczyk
1,Consensus,Kolodziejczyk
1,Consensus,Kolodziejczyk
1,Consensus,Kolodziejczyk
1,Consensus,Kolodziejczyk
1,Consensus,Kolodziejczyk
1,Consensus,Kolodziejczyk
1,Consensus,Kolodziejczyk
1,Consensus,Kolodziejczyk
1,Consensus,Kolodziejczyk
1,Consensus,Kolodziejczyk
1,Consensus,Kolodziejczyk
1,Consensus,Kolodziejczyk
1,Consensus,Kolodziejczyk
1,Consensus,Kolodziejczyk
1,Consensus,Kolodziejczyk
1,Consensus,Kolodziejczyk
1,Consensus,Kolodziejczyk
1,Consensus,Kolodziejczyk
1,Consensus,Kolodziejczyk
1,Consensus,Kolodziejczyk
1,Consensus,Kolodziejczyk
1,Consensus,Kolodziejczyk
1,Consensus,Kolodziejczyk
1,Consensus,Kolodziejczyk
1,Consensus,Kolodziejczyk
0.9578366,Individual,Patel
0.9938187,Individual,Patel
0.9890916,Individual,Patel
0.9890916,Individual,Patel
0.9890916,Individual,Patel
0.9890916,Individual,Patel
0.832358,Individual,Patel
0.9890916,Individual,Patel
0.9578366,Individual,Patel
0.9890916,Individual,Patel
0.832358,Individual,Patel
0.8029984,Individual,Patel
0.9890916,Individual,Patel
0.9938187,Individual,Patel
0.9938187,Individual,Patel
0.8385635,Individual,Patel
0.9890916,Individual,Patel
0.9890916,Individual,Patel
0.9890916,Individual,Patel
0.832358,Individual,Patel
0.832358,Individual,Patel
0.9890916,Individual,Patel
0.9890916,Individual,Patel
0.832358,Individual,Patel
0.9890916,Individual,Patel
0.9890916,Individual,Patel
0.9578366,Individual,Patel
0.9890916,Individual,Patel
0.9890916,Individual,Patel
0.9890916,Individual,Patel
0.9938187,Individual,Patel
0.9890916,Individual,Patel
0.8358971,Individual,Patel
0.9890916,Individual,Patel
0.832358,Individual,Patel
0.9938187,Individual,Patel
0.9938187,Individual,Patel
0.8385635,Individual,Patel
0.9890916,Individual,Patel
0.832358,Individual,Patel
0.9890916,Individual,Patel
0.9890916,Individual,Patel
0.832358,Individual,Patel
0.9890916,Individual,Patel
0.9890916,Individual,Patel
0.9890916,Individual,Patel
0.832358,Individual,Patel
0.9890916,Individual,Patel
0.8358971,Individual,Patel
0.9890916,Individual,Patel
0.9578366,Individual,Patel
0.9890916,Individual,Patel
0.9938187,Individual,Patel
0.9890916,Individual,Patel
0.9890916,Individual,Patel
0.9938187,Individual,Patel
0.9578366,Individual,Patel
0.832358,Individual,Patel
0.9890916,Individual,Patel
0.9890916,Individual,Patel
0.9890916,Individual,Patel
0.9890916,Individual,Patel
0.832358,Individual,Patel
0.8277041,Individual,Patel
0.9890916,Individual,Patel
0.832358,Individual,Patel
0.9890916,Individual,Patel
0.9890916,Individual,Patel
0.9890916,Individual,Patel
0.8358971,Individual,Patel
0.9578366,Individual,Patel
0.832358,Individual,Patel
0.832358,Individual,Patel
0.9890916,Individual,Patel
0.9890916,Individual,Patel
0.9578366,Individual,Patel
0.9890916,Individual,Patel
0.9890916,Individual,Patel
0.9890916,Individual,Patel
0.9938187,Individual,Patel
0.9890916,Individual,Patel
0.9938187,Individual,Patel
0.832358,Individual,Patel
0.832358,Individual,Patel
0.9890916,Individual,Patel
0.9938187,Individual,Patel
0.8277041,Individual,Patel
0.9890916,Individual,Patel
0.9890916,Individual,Patel
0.9578366,Individual,Patel
0.9938187,Individual,Patel
0.9578366,Individual,Patel
0.9890916,Individual,Patel
0.8100048,Individual,Patel
0.832358,Individual,Patel
0.9890916,Individual,Patel
0.8385635,Individual,Patel
0.9890916,Individual,Patel
0.9890916,Individual,Patel
0.9938187,Individual,Patel
0.9890916,Consensus,Patel
0.9890916,Consensus,Patel
0.9890916,Consensus,Patel
0.9890916,Consensus,Patel
0.9890916,Consensus,Patel
0.9890916,Consensus,Patel
0.9890916,Consensus,Patel
0.9890916,Consensus,Patel
0.9890916,Consensus,Patel
0.9890916,Consensus,Patel
0.9890916,Consensus,Patel
0.9890916,Consensus,Patel
0.9890916,Consensus,Patel
0.9890916,Consensus,Patel
0.9890916,Consensus,Patel
0.9890916,Consensus,Patel
0.9890916,Consensus,Patel
0.9890916,Consensus,Patel
0.9890916,Consensus,Patel
0.9890916,Consensus,Patel
0.9890916,Consensus,Patel
0.9890916,Consensus,Patel
0.9890916,Consensus,Patel
0.9890916,Consensus,Patel
0.9890916,Consensus,Patel
0.9890916,Consensus,Patel
0.9890916,Consensus,Patel
0.9890916,Consensus,Patel
0.9890916,Consensus,Patel
0.9890916,Consensus,Patel
0.9890916,Consensus,Patel
0.9890916,Consensus,Patel
0.9890916,Consensus,Patel
0.9890916,Consensus,Patel
0.9890916,Consensus,Patel
0.9890916,Consensus,Patel
0.9890916,Consensus,Patel
0.9890916,Consensus,Patel
0.9890916,Consensus,Patel
0.9890916,Consensus,Patel
0.9890916,Consensus,Patel
0.9890916,Consensus,Patel
0.9890916,Consensus,Patel
0.9890916,Consensus,Patel
0.9890916,Consensus,Patel
0.9890916,Consensus,Patel
0.9890916,Consensus,Patel
0.9890916,Consensus,Patel
0.9890916,Consensus,Patel
0.9890916,Consensus,Patel
0.9890916,Consensus,Patel
0.9890916,Consensus,Patel
0.9890916,Consensus,Patel
0.9890916,Consensus,Patel
0.9890916,Consensus,Patel
0.9890916,Consensus,Patel
0.9890916,Consensus,Patel
0.9890916,Consensus,Patel
0.9890916,Consensus,Patel
0.9890916,Consensus,Patel
0.9890916,Consensus,Patel
0.9890916,Consensus,Patel
0.9890916,Consensus,Patel
0.9890916,Consensus,Patel
0.9890916,Consensus,Patel
0.9890916,Consensus,Patel
0.9890916,Consensus,Patel
0.9890916,Consensus,Patel
0.9890916,Consensus,Patel
0.9890916,Consensus,Patel
0.9890916,Consensus,Patel
0.9890916,Consensus,Patel
0.9890916,Consensus,Patel
0.9890916,Consensus,Patel
0.9890916,Consensus,Patel
0.9890916,Consensus,Patel
0.9890916,Consensus,Patel
0.9890916,Consensus,Patel
0.9890916,Consensus,Patel
0.9890916,Consensus,Patel
0.9890916,Consensus,Patel
0.9890916,Consensus,Patel
0.9890916,Consensus,Patel
0.9890916,Consensus,Patel
0.9890916,Consensus,Patel
0.9890916,Consensus,Patel
0.9890916,Consensus,Patel
0.9890916,Consensus,Patel
0.9890916,Consensus,Patel
0.9890916,Consensus,Patel
0.9890916,Consensus,Patel
0.9890916,Consensus,Patel
0.9890916,Consensus,Patel
0.9890916,Consensus,Patel
0.9890916,Consensus,Patel
0.9890916,Consensus,Patel
0.9890916,Consensus,Patel
0.9890916,Consensus,Patel
0.9890916,Consensus,Patel
0.9890916,Consensus,Patel
0.4073783,Individual,Pollen1
0.5290982,Individual,Pollen1
0.5102485,Individual,Pollen1
0.4438857,Individual,Pollen1
0.4873099,Individual,Pollen1
0.3966647,Individual,Pollen1
0.1982845,Individual,Pollen1
0.1982845,Individual,Pollen1
0.2120638,Individual,Pollen1
0.4753295,Individual,Pollen1
0.4753295,Individual,Pollen1
0.4231732,Individual,Pollen1
0.6094195,Individual,Pollen1
0.1982845,Individual,Pollen1
0.4753295,Individual,Pollen1
0.3755751,Individual,Pollen1
0.3623773,Individual,Pollen1
0.6753337,Individual,Pollen1
0.1982845,Individual,Pollen1
0.3779745,Individual,Pollen1
0.7011518,Individual,Pollen1
0.4854329,Individual,Pollen1
0.4257234,Individual,Pollen1
0.4296807,Individual,Pollen1
0.3705552,Individual,Pollen1
0.3966647,Individual,Pollen1
0.1982845,Individual,Pollen1
0.1982845,Individual,Pollen1
0.3966647,Individual,Pollen1
0.4438857,Individual,Pollen1
0.4973237,Individual,Pollen1
0.4421456,Individual,Pollen1
0.3966647,Individual,Pollen1
0.5434398,Individual,Pollen1
0.6725072,Individual,Pollen1
0.5434398,Individual,Pollen1
0.4917395,Individual,Pollen1
0.3737133,Individual,Pollen1
0.4339705,Individual,Pollen1
0.6933879,Individual,Pollen1
0.3657839,Individual,Pollen1
0.3737133,Individual,Pollen1
0.3966647,Individual,Pollen1
0.3737133,Individual,Pollen1
0.3737133,Individual,Pollen1
0.3737133,Individual,Pollen1
0.3966647,Individual,Pollen1
0.1982845,Individual,Pollen1
0.4135965,Individual,Pollen1
0.4438857,Individual,Pollen1
0.3966647,Individual,Pollen1
0.6725072,Individual,Pollen1
0.5715425,Individual,Pollen1
0.7086876,Individual,Pollen1
0.4873099,Individual,Pollen1
0.6865688,Individual,Pollen1
0.6865688,Individual,Pollen1
0.1982845,Individual,Pollen1
0.4178674,Individual,Pollen1
0.1982845,Individual,Pollen1
0.4438857,Individual,Pollen1
0.4766887,Individual,Pollen1
0.4339705,Individual,Pollen1
0.3737133,Individual,Pollen1
0.1982845,Individual,Pollen1
0.3737133,Individual,Pollen1
0.7086876,Individual,Pollen1
0.4873099,Individual,Pollen1
0.4753295,Individual,Pollen1
0.4231732,Individual,Pollen1
0.3966647,Individual,Pollen1
0.3966647,Individual,Pollen1
0.5151637,Individual,Pollen1
0.696149,Individual,Pollen1
0.2942495,Individual,Pollen1
0.3966647,Individual,Pollen1
0.4073783,Individual,Pollen1
0.4135965,Individual,Pollen1
0.6753337,Individual,Pollen1
0.3212904,Individual,Pollen1
0.3737133,Individual,Pollen1
0.4231732,Individual,Pollen1
0.7123944,Individual,Pollen1
0.2636897,Individual,Pollen1
0.3828124,Individual,Pollen1
0.1982845,Individual,Pollen1
0.3606181,Individual,Pollen1
0.1982845,Individual,Pollen1
0.3828124,Individual,Pollen1
0.4438857,Individual,Pollen1
0.3779745,Individual,Pollen1
0.7038409,Individual,Pollen1
0.7086876,Individual,Pollen1
0.553808,Individual,Pollen1
0.3737133,Individual,Pollen1
0.3828124,Individual,Pollen1
0.4964153,Individual,Pollen1
0.3657839,Individual,Pollen1
0.1982845,Individual,Pollen1
0.3966647,Individual,Pollen1
0.6753337,Consensus,Pollen1
0.4231732,Consensus,Pollen1
0.3828124,Consensus,Pollen1
0.6753337,Consensus,Pollen1
0.6753337,Consensus,Pollen1
0.6753337,Consensus,Pollen1
0.6753337,Consensus,Pollen1
0.4231732,Consensus,Pollen1
0.4231732,Consensus,Pollen1
0.4438857,Consensus,Pollen1
0.6753337,Consensus,Pollen1
0.4231732,Consensus,Pollen1
0.6753337,Consensus,Pollen1
0.6753337,Consensus,Pollen1
0.6753337,Consensus,Pollen1
0.6753337,Consensus,Pollen1
0.6753337,Consensus,Pollen1
0.4231732,Consensus,Pollen1
0.6753337,Consensus,Pollen1
0.6753337,Consensus,Pollen1
0.6753337,Consensus,Pollen1
0.6753337,Consensus,Pollen1
0.6753337,Consensus,Pollen1
0.6753337,Consensus,Pollen1
0.6753337,Consensus,Pollen1
0.6753337,Consensus,Pollen1
0.6753337,Consensus,Pollen1
0.6753337,Consensus,Pollen1
0.6753337,Consensus,Pollen1
0.6753337,Consensus,Pollen1
0.6753337,Consensus,Pollen1
0.6753337,Consensus,Pollen1
0.3966647,Consensus,Pollen1
0.4231732,Consensus,Pollen1
0.6753337,Consensus,Pollen1
0.6753337,Consensus,Pollen1
0.4231732,Consensus,Pollen1
0.6753337,Consensus,Pollen1
0.4753295,Consensus,Pollen1
0.6753337,Consensus,Pollen1
0.6753337,Consensus,Pollen1
0.6753337,Consensus,Pollen1
0.4231732,Consensus,Pollen1
0.6753337,Consensus,Pollen1
0.6753337,Consensus,Pollen1
0.4231732,Consensus,Pollen1
0.6753337,Consensus,Pollen1
0.4873099,Consensus,Pollen1
0.4231732,Consensus,Pollen1
0.4231732,Consensus,Pollen1
0.6753337,Consensus,Pollen1
0.6753337,Consensus,Pollen1
0.4231732,Consensus,Pollen1
0.6753337,Consensus,Pollen1
0.4438857,Consensus,Pollen1
0.6753337,Consensus,Pollen1
0.4231732,Consensus,Pollen1
0.6753337,Consensus,Pollen1
0.6753337,Consensus,Pollen1
0.3828124,Consensus,Pollen1
0.4438857,Consensus,Pollen1
0.6753337,Consensus,Pollen1
0.6753337,Consensus,Pollen1
0.6753337,Consensus,Pollen1
0.4231732,Consensus,Pollen1
0.3828124,Consensus,Pollen1
0.6753337,Consensus,Pollen1
0.6753337,Consensus,Pollen1
0.4438857,Consensus,Pollen1
0.4231732,Consensus,Pollen1
0.6753337,Consensus,Pollen1
0.4231732,Consensus,Pollen1
0.3828124,Consensus,Pollen1
0.6753337,Consensus,Pollen1
0.6753337,Consensus,Pollen1
0.6753337,Consensus,Pollen1
0.3828124,Consensus,Pollen1
0.6753337,Consensus,Pollen1
0.6753337,Consensus,Pollen1
0.4231732,Consensus,Pollen1
0.6753337,Consensus,Pollen1
0.4438857,Consensus,Pollen1
0.3828124,Consensus,Pollen1
0.6753337,Consensus,Pollen1
0.6753337,Consensus,Pollen1
0.6753337,Consensus,Pollen1
0.6753337,Consensus,Pollen1
0.6753337,Consensus,Pollen1
0.6753337,Consensus,Pollen1
0.7086876,Consensus,Pollen1
0.7086876,Consensus,Pollen1
0.6753337,Consensus,Pollen1
0.4231732,Consensus,Pollen1
0.6753337,Consensus,Pollen1
0.6753337,Consensus,Pollen1
0.6753337,Consensus,Pollen1
0.6753337,Consensus,Pollen1
0.4231732,Consensus,Pollen1
0.4231732,Consensus,Pollen1
0.6753337,Consensus,Pollen1
0.9235286,Individual,Pollen2
0.931184,Individual,Pollen2
0.9391589,Individual,Pollen2
0.954993,Individual,Pollen2
0.9394918,Individual,Pollen2
0.9235286,Individual,Pollen2
0.9551109,Individual,Pollen2
0.954993,Individual,Pollen2
0.9235286,Individual,Pollen2
0.9521657,Individual,Pollen2
0.9818097,Individual,Pollen2
0.9394918,Individual,Pollen2
0.9394918,Individual,Pollen2
0.9351616,Individual,Pollen2
0.931184,Individual,Pollen2
0.9282874,Individual,Pollen2
0.9646686,Individual,Pollen2
0.931184,Individual,Pollen2
0.9235286,Individual,Pollen2
0.9235286,Individual,Pollen2
0.931184,Individual,Pollen2
0.931184,Individual,Pollen2
0.9790626,Individual,Pollen2
0.9303184,Individual,Pollen2
0.9358398,Individual,Pollen2
0.9622987,Individual,Pollen2
0.931184,Individual,Pollen2
0.931184,Individual,Pollen2
0.9394918,Individual,Pollen2
0.9818097,Individual,Pollen2
0.9383564,Individual,Pollen2
0.9326339,Individual,Pollen2
0.9818097,Individual,Pollen2
0.9647251,Individual,Pollen2
0.954993,Individual,Pollen2
0.9551109,Individual,Pollen2
0.954993,Individual,Pollen2
0.954993,Individual,Pollen2
0.9818097,Individual,Pollen2
0.9303184,Individual,Pollen2
0.9394918,Individual,Pollen2
0.935564,Individual,Pollen2
0.9437707,Individual,Pollen2
0.9818097,Individual,Pollen2
0.9647251,Individual,Pollen2
0.9551109,Individual,Pollen2
0.9235286,Individual,Pollen2
0.9433763,Individual,Pollen2
0.9777288,Individual,Pollen2
0.9394918,Individual,Pollen2
0.9394918,Individual,Pollen2
0.9235286,Individual,Pollen2
0.9394918,Individual,Pollen2
0.9394918,Individual,Pollen2
0.9394918,Individual,Pollen2
0.931184,Individual,Pollen2
0.935683,Individual,Pollen2
0.9335446,Individual,Pollen2
0.931184,Individual,Pollen2
0.9422683,Individual,Pollen2
0.9348421,Individual,Pollen2
0.954993,Individual,Pollen2
0.9646686,Individual,Pollen2
0.9394918,Individual,Pollen2
0.931184,Individual,Pollen2
0.973361,Individual,Pollen2
0.9394918,Individual,Pollen2
0.9790626,Individual,Pollen2
0.9235286,Individual,Pollen2
0.9235286,Individual,Pollen2
0.9582862,Individual,Pollen2
0.9684433,Individual,Pollen2
0.9434562,Individual,Pollen2
0.9394918,Individual,Pollen2
0.9435929,Individual,Pollen2
0.9359189,Individual,Pollen2
0.9394918,Individual,Pollen2
0.9818097,Individual,Pollen2
0.9582862,Individual,Pollen2
0.9235286,Individual,Pollen2
0.931184,Individual,Pollen2
0.931184,Individual,Pollen2
0.9235286,Individual,Pollen2
0.9818097,Individual,Pollen2
0.9303184,Individual,Pollen2
0.9818097,Individual,Pollen2
0.931184,Individual,Pollen2
0.9394918,Individual,Pollen2
0.9394918,Individual,Pollen2
0.931184,Individual,Pollen2
0.954993,Individual,Pollen2
0.9551109,Individual,Pollen2
0.9551109,Individual,Pollen2
0.931184,Individual,Pollen2
0.931184,Individual,Pollen2
0.931184,Individual,Pollen2
0.931184,Individual,Pollen2
0.954993,Individual,Pollen2
0.9235286,Individual,Pollen2
0.9551109,Individual,Pollen2
0.9580583,Consensus,Pollen2
0.9580583,Consensus,Pollen2
0.9582862,Consensus,Pollen2
0.9580583,Consensus,Pollen2
0.9580583,Consensus,Pollen2
0.9580583,Consensus,Pollen2
0.9580583,Consensus,Pollen2
0.9580583,Consensus,Pollen2
0.9580583,Consensus,Pollen2
0.9580583,Consensus,Pollen2
0.9582862,Consensus,Pollen2
0.9580583,Consensus,Pollen2
0.9580583,Consensus,Pollen2
0.9582862,Consensus,Pollen2
0.9582862,Consensus,Pollen2
0.9580583,Consensus,Pollen2
0.9582862,Consensus,Pollen2
0.9582862,Consensus,Pollen2
0.9580583,Consensus,Pollen2
0.9580583,Consensus,Pollen2
0.9582862,Consensus,Pollen2
0.9580583,Consensus,Pollen2
0.9580583,Consensus,Pollen2
0.9580583,Consensus,Pollen2
0.9580583,Consensus,Pollen2
0.9580583,Consensus,Pollen2
0.9580583,Consensus,Pollen2
0.9580583,Consensus,Pollen2
0.9580583,Consensus,Pollen2
0.9580583,Consensus,Pollen2
0.9580583,Consensus,Pollen2
0.9582862,Consensus,Pollen2
0.9580583,Consensus,Pollen2
0.9580583,Consensus,Pollen2
0.9580583,Consensus,Pollen2
0.9580583,Consensus,Pollen2
0.9580583,Consensus,Pollen2
0.9582862,Consensus,Pollen2
0.9580583,Consensus,Pollen2
0.9580583,Consensus,Pollen2
0.9580583,Consensus,Pollen2
0.9580583,Consensus,Pollen2
0.9582862,Consensus,Pollen2
0.9580583,Consensus,Pollen2
0.9582862,Consensus,Pollen2
0.9580583,Consensus,Pollen2
0.9580583,Consensus,Pollen2
0.9580583,Consensus,Pollen2
0.9580583,Consensus,Pollen2
0.9580583,Consensus,Pollen2
0.9582862,Consensus,Pollen2
0.9582862,Consensus,Pollen2
0.9580583,Consensus,Pollen2
0.9580583,Consensus,Pollen2
0.9582862,Consensus,Pollen2
0.9580583,Consensus,Pollen2
0.9580583,Consensus,Pollen2
0.9580583,Consensus,Pollen2
0.9580583,Consensus,Pollen2
0.9580583,Consensus,Pollen2
0.9582862,Consensus,Pollen2
0.9580583,Consensus,Pollen2
0.9580583,Consensus,Pollen2
0.9580583,Consensus,Pollen2
0.9580583,Consensus,Pollen2
0.9580583,Consensus,Pollen2
0.9580583,Consensus,Pollen2
0.9580583,Consensus,Pollen2
0.9580583,Consensus,Pollen2
0.9580583,Consensus,Pollen2
0.9580583,Consensus,Pollen2
0.9580583,Consensus,Pollen2
0.9580583,Consensus,Pollen2
0.9580583,Consensus,Pollen2
0.9580583,Consensus,Pollen2
0.9580583,Consensus,Pollen2
0.9580583,Consensus,Pollen2
0.9580583,Consensus,Pollen2
0.9580583,Consensus,Pollen2
0.9580583,Consensus,Pollen2
0.9580583,Consensus,Pollen2
0.9580583,Consensus,Pollen2
0.9580583,Consensus,Pollen2
0.9582862,Consensus,Pollen2
0.9580583,Consensus,Pollen2
0.9580583,Consensus,Pollen2
0.9580583,Consensus,Pollen2
0.9580583,Consensus,Pollen2
0.9580583,Consensus,Pollen2
0.9580583,Consensus,Pollen2
0.9582862,Consensus,Pollen2
0.9580583,Consensus,Pollen2
0.9580583,Consensus,Pollen2
0.9580583,Consensus,Pollen2
0.9580583,Consensus,Pollen2
0.9580583,Consensus,Pollen2
0.9580583,Consensus,Pollen2
0.9580583,Consensus,Pollen2
0.9582862,Consensus,Pollen2
0.9580583,Consensus,Pollen2
0.7450213,Individual,Ting
0.6077699,Individual,Ting
0.7898012,Individual,Ting
0.5245115,Individual,Ting
0.5878554,Individual,Ting
0.5878554,Individual,Ting
0.7450213,Individual,Ting
0.8933274,Individual,Ting
0.5697458,Individual,Ting
0.9223675,Individual,Ting
0.9922172,Individual,Ting
0.9922172,Individual,Ting
0.6077699,Individual,Ting
0.681062,Individual,Ting
0.6077699,Individual,Ting
0.7898012,Individual,Ting
0.6077699,Individual,Ting
0.9029001,Individual,Ting
0.681062,Individual,Ting
0.9223675,Individual,Ting
0.9922172,Individual,Ting
0.8687213,Individual,Ting
0.8933274,Individual,Ting
0.8905742,Individual,Ting
0.5304641,Individual,Ting
0.9223675,Individual,Ting
0.6077699,Individual,Ting
0.6077699,Individual,Ting
0.5304641,Individual,Ting
0.681062,Individual,Ting
0.9922172,Individual,Ting
0.5278642,Individual,Ting
0.9193522,Individual,Ting
0.6077699,Individual,Ting
0.9922172,Individual,Ting
0.6077699,Individual,Ting
0.9223675,Individual,Ting
0.6077699,Individual,Ting
0.5371191,Individual,Ting
0.9223675,Individual,Ting
0.7660238,Individual,Ting
0.9922172,Individual,Ting
0.7880122,Individual,Ting
0.9223675,Individual,Ting
0.9922172,Individual,Ting
0.7880122,Individual,Ting
0.5245115,Individual,Ting
0.5304641,Individual,Ting
0.5878554,Individual,Ting
0.5371191,Individual,Ting
0.6077699,Individual,Ting
0.7898012,Individual,Ting
0.5200239,Individual,Ting
0.6077699,Individual,Ting
0.9922172,Individual,Ting
0.9223675,Individual,Ting
0.5245115,Individual,Ting
0.9922172,Individual,Ting
0.7450213,Individual,Ting
0.6077699,Individual,Ting
0.681062,Individual,Ting
0.5245115,Individual,Ting
0.6077699,Individual,Ting
0.7450213,Individual,Ting
0.5371191,Individual,Ting
0.681062,Individual,Ting
0.5878554,Individual,Ting
0.9223675,Individual,Ting
0.8933274,Individual,Ting
0.9223675,Individual,Ting
0.9922172,Individual,Ting
0.9922172,Individual,Ting
0.7898012,Individual,Ting
0.6238738,Individual,Ting
0.8215461,Individual,Ting
0.9922172,Individual,Ting
0.9922172,Individual,Ting
0.6077699,Individual,Ting
0.8933274,Individual,Ting
0.6077699,Individual,Ting
0.8933274,Individual,Ting
0.5371191,Individual,Ting
0.5878554,Individual,Ting
0.5371191,Individual,Ting
0.9922172,Individual,Ting
0.681062,Individual,Ting
0.9922172,Individual,Ting
0.9223675,Individual,Ting
0.6077699,Individual,Ting
0.7258086,Individual,Ting
0.5304641,Individual,Ting
0.9223675,Individual,Ting
0.7450213,Individual,Ting
0.8905742,Individual,Ting
0.9223675,Individual,Ting
0.9922172,Individual,Ting
0.5878554,Individual,Ting
0.9223675,Individual,Ting
0.9223675,Individual,Ting
0.6077699,Individual,Ting
0.9922172,Consensus,Ting
0.9922172,Consensus,Ting
0.9922172,Consensus,Ting
0.9922172,Consensus,Ting
0.9922172,Consensus,Ting
0.9922172,Consensus,Ting
0.9922172,Consensus,Ting
0.9922172,Consensus,Ting
0.9922172,Consensus,Ting
0.9922172,Consensus,Ting
0.9922172,Consensus,Ting
0.9922172,Consensus,Ting
0.9922172,Consensus,Ting
0.9922172,Consensus,Ting
0.9922172,Consensus,Ting
0.9922172,Consensus,Ting
0.9922172,Consensus,Ting
0.9922172,Consensus,Ting
0.9922172,Consensus,Ting
1,Consensus,Ting
0.9922172,Consensus,Ting
0.9922172,Consensus,Ting
0.9922172,Consensus,Ting
0.9922172,Consensus,Ting
0.9922172,Consensus,Ting
0.9922172,Consensus,Ting
0.9922172,Consensus,Ting
0.9922172,Consensus,Ting
0.9922172,Consensus,Ting
0.9922172,Consensus,Ting
0.9922172,Consensus,Ting
0.9922172,Consensus,Ting
0.9922172,Consensus,Ting
0.9922172,Consensus,Ting
0.9922172,Consensus,Ting
1,Consensus,Ting
0.9922172,Consensus,Ting
0.9922172,Consensus,Ting
0.9922172,Consensus,Ting
0.9922172,Consensus,Ting
0.9922172,Consensus,Ting
0.9922172,Consensus,Ting
0.9922172,Consensus,Ting
0.9922172,Consensus,Ting
0.9922172,Consensus,Ting
1,Consensus,Ting
1,Consensus,Ting
0.9922172,Consensus,Ting
1,Consensus,Ting
0.9922172,Consensus,Ting
0.9922172,Consensus,Ting
0.9922172,Consensus,Ting
1,Consensus,Ting
0.9922172,Consensus,Ting
0.9922172,Consensus,Ting
0.9922172,Consensus,Ting
0.9922172,Consensus,Ting
0.9922172,Consensus,Ting
0.9922172,Consensus,Ting
1,Consensus,Ting
0.9922172,Consensus,Ting
1,Consensus,Ting
0.9922172,Consensus,Ting
1,Consensus,Ting
0.9922172,Consensus,Ting
0.9922172,Consensus,Ting
0.9922172,Consensus,Ting
1,Consensus,Ting
0.9922172,Consensus,Ting
0.9922172,Consensus,Ting
0.9922172,Consensus,Ting
0.9922172,Consensus,Ting
0.9922172,Consensus,Ting
0.9922172,Consensus,Ting
0.9922172,Consensus,Ting
0.9922172,Consensus,Ting
0.9922172,Consensus,Ting
0.9922172,Consensus,Ting
0.9922172,Consensus,Ting
0.9922172,Consensus,Ting
0.9922172,Consensus,Ting
0.9922172,Consensus,Ting
0.9922172,Consensus,Ting
0.9922172,Consensus,Ting
0.9922172,Consensus,Ting
0.9922172,Consensus,Ting
0.9922172,Consensus,Ting
0.9922172,Consensus,Ting
0.9922172,Consensus,Ting
0.9922172,Consensus,Ting
0.9922172,Consensus,Ting
0.9922172,Consensus,Ting
0.9922172,Consensus,Ting
0.9922172,Consensus,Ting
0.9922172,Consensus,Ting
0.9922172,Consensus,Ting
0.9922172,Consensus,Ting
0.9922172,Consensus,Ting
0.9922172,Consensus,Ting
0.9922172,Consensus,Ting
0.3610871,Individual,Treutlein
0.8290182,Individual,Treutlein
0.5491068,Individual,Treutlein
0.8290182,Individual,Treutlein
0.3610871,Individual,Treutlein
0.5161569,Individual,Treutlein
0.5491068,Individual,Treutlein
0.8290182,Individual,Treutlein
0.3451907,Individual,Treutlein
0.5161569,Individual,Treutlein
0.3009809,Individual,Treutlein
0.3610871,Individual,Treutlein
0.3009809,Individual,Treutlein
0.3451907,Individual,Treutlein
0.8290182,Individual,Treutlein
0.3451907,Individual,Treutlein
0.8290182,Individual,Treutlein
0.3451907,Individual,Treutlein
0.5161569,Individual,Treutlein
0.3009809,Individual,Treutlein
0.8290182,Individual,Treutlein
0.5161569,Individual,Treutlein
0.3009809,Individual,Treutlein
0.3451907,Individual,Treutlein
0.5161569,Individual,Treutlein
0.3610871,Individual,Treutlein
0.8290182,Individual,Treutlein
0.3610871,Individual,Treutlein
0.5491068,Individual,Treutlein
0.8290182,Individual,Treutlein
0.3451907,Individual,Treutlein
0.8290182,Individual,Treutlein
0.3451907,Individual,Treutlein
0.3009809,Individual,Treutlein
0.5161569,Individual,Treutlein
0.5491068,Individual,Treutlein
0.3009809,Individual,Treutlein
0.5161569,Individual,Treutlein
0.8290182,Individual,Treutlein
0.5161569,Individual,Treutlein
0.3610871,Individual,Treutlein
0.5491068,Individual,Treutlein
0.8290182,Individual,Treutlein
0.3009809,Individual,Treutlein
0.3610871,Individual,Treutlein
0.5491068,Individual,Treutlein
0.5491068,Individual,Treutlein
0.8290182,Individual,Treutlein
0.5491068,Individual,Treutlein
0.3009809,Individual,Treutlein
0.3451907,Individual,Treutlein
0.5491068,Individual,Treutlein
0.5161569,Individual,Treutlein
0.5491068,Individual,Treutlein
0.3009809,Individual,Treutlein
0.8290182,Individual,Treutlein
0.3009809,Individual,Treutlein
0.5161569,Individual,Treutlein
0.5161569,Individual,Treutlein
0.3009809,Individual,Treutlein
0.3451907,Individual,Treutlein
0.5491068,Individual,Treutlein
0.3610871,Individual,Treutlein
0.8290182,Individual,Treutlein
0.5161569,Individual,Treutlein
0.5161569,Individual,Treutlein
0.5161569,Individual,Treutlein
0.5491068,Individual,Treutlein
0.8290182,Individual,Treutlein
0.5161569,Individual,Treutlein
0.3610871,Individual,Treutlein
0.3009809,Individual,Treutlein
0.3451907,Individual,Treutlein
0.5161569,Individual,Treutlein
0.3610871,Individual,Treutlein
0.5491068,Individual,Treutlein
0.3009809,Individual,Treutlein
0.3009809,Individual,Treutlein
0.5491068,Individual,Treutlein
0.5161569,Individual,Treutlein
0.8290182,Individual,Treutlein
0.5161569,Individual,Treutlein
0.3610871,Individual,Treutlein
0.3009809,Individual,Treutlein
0.5161569,Individual,Treutlein
0.8290182,Individual,Treutlein
0.5161569,Individual,Treutlein
0.5161569,Individual,Treutlein
0.5161569,Individual,Treutlein
0.5161569,Individual,Treutlein
0.3009809,Individual,Treutlein
0.5491068,Individual,Treutlein
0.5491068,Individual,Treutlein
0.8290182,Individual,Treutlein
0.3009809,Individual,Treutlein
0.3451907,Individual,Treutlein
0.3610871,Individual,Treutlein
0.3610871,Individual,Treutlein
0.5161569,Individual,Treutlein
0.8290182,Individual,Treutlein
0.7055785,Consensus,Treutlein
0.7055785,Consensus,Treutlein
0.7055785,Consensus,Treutlein
0.7055785,Consensus,Treutlein
0.7055785,Consensus,Treutlein
0.7055785,Consensus,Treutlein
0.7055785,Consensus,Treutlein
0.7055785,Consensus,Treutlein
0.7055785,Consensus,Treutlein
0.7055785,Consensus,Treutlein
0.7055785,Consensus,Treutlein
0.7055785,Consensus,Treutlein
0.7055785,Consensus,Treutlein
0.7055785,Consensus,Treutlein
0.7055785,Consensus,Treutlein
0.7055785,Consensus,Treutlein
0.7055785,Consensus,Treutlein
0.7055785,Consensus,Treutlein
0.7055785,Consensus,Treutlein
0.7055785,Consensus,Treutlein
0.7055785,Consensus,Treutlein
0.7055785,Consensus,Treutlein
0.7055785,Consensus,Treutlein
0.7055785,Consensus,Treutlein
0.7055785,Consensus,Treutlein
0.7055785,Consensus,Treutlein
0.7055785,Consensus,Treutlein
0.7055785,Consensus,Treutlein
0.7055785,Consensus,Treutlein
0.7055785,Consensus,Treutlein
0.7055785,Consensus,Treutlein
0.7055785,Consensus,Treutlein
0.7055785,Consensus,Treutlein
0.7055785,Consensus,Treutlein
0.7055785,Consensus,Treutlein
0.7055785,Consensus,Treutlein
0.7055785,Consensus,Treutlein
0.7055785,Consensus,Treutlein
0.7055785,Consensus,Treutlein
0.7055785,Consensus,Treutlein
0.7055785,Consensus,Treutlein
0.7055785,Consensus,Treutlein
0.7055785,Consensus,Treutlein
0.7055785,Consensus,Treutlein
0.7055785,Consensus,Treutlein
0.7055785,Consensus,Treutlein
0.7055785,Consensus,Treutlein
0.7055785,Consensus,Treutlein
0.7055785,Consensus,Treutlein
0.7055785,Consensus,Treutlein
0.7055785,Consensus,Treutlein
0.7055785,Consensus,Treutlein
0.7055785,Consensus,Treutlein
0.7055785,Consensus,Treutlein
0.7055785,Consensus,Treutlein
0.7055785,Consensus,Treutlein
0.7055785,Consensus,Treutlein
0.7055785,Consensus,Treutlein
0.7055785,Consensus,Treutlein
0.7055785,Consensus,Treutlein
0.7055785,Consensus,Treutlein
0.7055785,Consensus,Treutlein
0.7055785,Consensus,Treutlein
0.7055785,Consensus,Treutlein
0.7055785,Consensus,Treutlein
0.7055785,Consensus,Treutlein
0.7055785,Consensus,Treutlein
0.7055785,Consensus,Treutlein
0.7055785,Consensus,Treutlein
0.7055785,Consensus,Treutlein
0.7055785,Consensus,Treutlein
0.7055785,Consensus,Treutlein
0.7055785,Consensus,Treutlein
0.7055785,Consensus,Treutlein
0.7055785,Consensus,Treutlein
0.7055785,Consensus,Treutlein
0.7055785,Consensus,Treutlein
0.7055785,Consensus,Treutlein
0.7055785,Consensus,Treutlein
0.7055785,Consensus,Treutlein
0.7055785,Consensus,Treutlein
0.7055785,Consensus,Treutlein
0.7055785,Consensus,Treutlein
0.7055785,Consensus,Treutlein
0.7055785,Consensus,Treutlein
0.7055785,Consensus,Treutlein
0.7055785,Consensus,Treutlein
0.7055785,Consensus,Treutlein
0.7055785,Consensus,Treutlein
0.7055785,Consensus,Treutlein
0.7055785,Consensus,Treutlein
0.7055785,Consensus,Treutlein
0.7055785,Consensus,Treutlein
0.7055785,Consensus,Treutlein
0.7055785,Consensus,Treutlein
0.7055785,Consensus,Treutlein
0.7055785,Consensus,Treutlein
0.7055785,Consensus,Treutlein
0.7055785,Consensus,Treutlein
0.7055785,Consensus,Treutlein
0.8749061,Individual,Usoskin1
0.8468266,Individual,Usoskin1
0.6784144,Individual,Usoskin1
0.9716016,Individual,Usoskin1
0.8487576,Individual,Usoskin1
0.6784144,Individual,Usoskin1
0.8749061,Individual,Usoskin1
0.9051411,Individual,Usoskin1
0.8748847,Individual,Usoskin1
0.8735116,Individual,Usoskin1
0.8792936,Individual,Usoskin1
0.9310327,Individual,Usoskin1
0.8486766,Individual,Usoskin1
0.8513686,Individual,Usoskin1
0.9188439,Individual,Usoskin1
0.8735116,Individual,Usoskin1
0.8691835,Individual,Usoskin1
0.9051411,Individual,Usoskin1
0.9138279,Individual,Usoskin1
0.6778458,Individual,Usoskin1
0.8449229,Individual,Usoskin1
0.9051411,Individual,Usoskin1
0.9188439,Individual,Usoskin1
0.6789842,Individual,Usoskin1
0.8792936,Individual,Usoskin1
0.8735116,Individual,Usoskin1
0.9346338,Individual,Usoskin1
0.8770283,Individual,Usoskin1
0.6767359,Individual,Usoskin1
0.6795407,Individual,Usoskin1
0.9233433,Individual,Usoskin1
0.8735116,Individual,Usoskin1
0.9063805,Individual,Usoskin1
0.8735116,Individual,Usoskin1
0.6767359,Individual,Usoskin1
0.9009571,Individual,Usoskin1
0.6795407,Individual,Usoskin1
0.8941515,Individual,Usoskin1
0.8487576,Individual,Usoskin1
0.9051411,Individual,Usoskin1
0.8735116,Individual,Usoskin1
0.9034302,Individual,Usoskin1
0.8771359,Individual,Usoskin1
0.8735116,Individual,Usoskin1
0.8749061,Individual,Usoskin1
0.6773163,Individual,Usoskin1
0.8315528,Individual,Usoskin1
0.8748847,Individual,Usoskin1
0.8735116,Individual,Usoskin1
0.6806956,Individual,Usoskin1
0.6806956,Individual,Usoskin1
0.8691835,Individual,Usoskin1
0.8960694,Individual,Usoskin1
0.9048916,Individual,Usoskin1
0.8770465,Individual,Usoskin1
0.8437129,Individual,Usoskin1
0.8713341,Individual,Usoskin1
0.832878,Individual,Usoskin1
0.6806956,Individual,Usoskin1
0.8770283,Individual,Usoskin1
0.8994729,Individual,Usoskin1
0.8494503,Individual,Usoskin1
0.8713341,Individual,Usoskin1
0.8494503,Individual,Usoskin1
0.6789842,Individual,Usoskin1
0.6767359,Individual,Usoskin1
0.6795407,Individual,Usoskin1
0.8862721,Individual,Usoskin1
0.8770465,Individual,Usoskin1
0.8771555,Individual,Usoskin1
0.6767359,Individual,Usoskin1
0.9070967,Individual,Usoskin1
0.9090811,Individual,Usoskin1
0.6818788,Individual,Usoskin1
0.9036804,Individual,Usoskin1
0.8994729,Individual,Usoskin1
0.6795407,Individual,Usoskin1
0.9051411,Individual,Usoskin1
0.9036804,Individual,Usoskin1
0.9034302,Individual,Usoskin1
0.8975375,Individual,Usoskin1
0.9173065,Individual,Usoskin1
0.8771359,Individual,Usoskin1
0.8749061,Individual,Usoskin1
0.8735116,Individual,Usoskin1
0.9048916,Individual,Usoskin1
0.6767359,Individual,Usoskin1
0.8994729,Individual,Usoskin1
0.9032143,Individual,Usoskin1
0.8450053,Individual,Usoskin1
0.8533141,Individual,Usoskin1
0.9070967,Individual,Usoskin1
0.8994729,Individual,Usoskin1
0.9171572,Individual,Usoskin1
0.8495449,Individual,Usoskin1
0.8702117,Individual,Usoskin1
0.6789842,Individual,Usoskin1
0.9254389,Individual,Usoskin1
0.8941515,Individual,Usoskin1
0.9051411,Individual,Usoskin1
0.8165381,Consensus,Usoskin1
0.9256013,Consensus,Usoskin1
0.9379722,Consensus,Usoskin1
0.923288,Consensus,Usoskin1
0.9262032,Consensus,Usoskin1
0.8394285,Consensus,Usoskin1
0.9048575,Consensus,Usoskin1
0.9123021,Consensus,Usoskin1
0.9382298,Consensus,Usoskin1
0.9143389,Consensus,Usoskin1
0.8136585,Consensus,Usoskin1
0.9206223,Consensus,Usoskin1
0.9226908,Consensus,Usoskin1
0.9126357,Consensus,Usoskin1
0.9018277,Consensus,Usoskin1
0.9154149,Consensus,Usoskin1
0.9261588,Consensus,Usoskin1
0.9406771,Consensus,Usoskin1
0.923597,Consensus,Usoskin1
0.923288,Consensus,Usoskin1
0.9123947,Consensus,Usoskin1
0.9233791,Consensus,Usoskin1
0.9205297,Consensus,Usoskin1
0.8198235,Consensus,Usoskin1
0.8394285,Consensus,Usoskin1
0.9254602,Consensus,Usoskin1
0.8200697,Consensus,Usoskin1
0.9273381,Consensus,Usoskin1
0.9289886,Consensus,Usoskin1
0.8313804,Consensus,Usoskin1
0.9408299,Consensus,Usoskin1
0.8631459,Consensus,Usoskin1
0.9206223,Consensus,Usoskin1
0.9210377,Consensus,Usoskin1
0.9317865,Consensus,Usoskin1
0.8345307,Consensus,Usoskin1
0.8394285,Consensus,Usoskin1
0.9018277,Consensus,Usoskin1
0.9484433,Consensus,Usoskin1
0.9615866,Consensus,Usoskin1
0.8425367,Consensus,Usoskin1
0.8258825,Consensus,Usoskin1
0.8413016,Consensus,Usoskin1
0.9070807,Consensus,Usoskin1
0.9205297,Consensus,Usoskin1
0.9252878,Consensus,Usoskin1
0.9206223,Consensus,Usoskin1
0.8410635,Consensus,Usoskin1
0.9318756,Consensus,Usoskin1
0.9182249,Consensus,Usoskin1
0.9575797,Consensus,Usoskin1
0.923597,Consensus,Usoskin1
0.9293986,Consensus,Usoskin1
0.9156146,Consensus,Usoskin1
0.9293696,Consensus,Usoskin1
0.9254602,Consensus,Usoskin1
0.9406771,Consensus,Usoskin1
0.9232002,Consensus,Usoskin1
0.8814617,Consensus,Usoskin1
0.9206223,Consensus,Usoskin1
0.9297085,Consensus,Usoskin1
0.9206223,Consensus,Usoskin1
0.9026381,Consensus,Usoskin1
0.9233791,Consensus,Usoskin1
0.9206223,Consensus,Usoskin1
0.9344703,Consensus,Usoskin1
0.9269139,Consensus,Usoskin1
0.9317865,Consensus,Usoskin1
0.9162359,Consensus,Usoskin1
0.9233791,Consensus,Usoskin1
0.9233791,Consensus,Usoskin1
0.9096366,Consensus,Usoskin1
0.82011,Consensus,Usoskin1
0.9487785,Consensus,Usoskin1
0.9018277,Consensus,Usoskin1
0.9576217,Consensus,Usoskin1
0.9123021,Consensus,Usoskin1
0.9317865,Consensus,Usoskin1
0.9254602,Consensus,Usoskin1
0.9402056,Consensus,Usoskin1
0.8425367,Consensus,Usoskin1
0.8200697,Consensus,Usoskin1
0.8200697,Consensus,Usoskin1
0.8134448,Consensus,Usoskin1
0.9303288,Consensus,Usoskin1
0.9262032,Consensus,Usoskin1
0.9206223,Consensus,Usoskin1
0.9096366,Consensus,Usoskin1
0.9232002,Consensus,Usoskin1
0.9317865,Consensus,Usoskin1
0.9160052,Consensus,Usoskin1
0.9317865,Consensus,Usoskin1
0.9123021,Consensus,Usoskin1
0.9280835,Consensus,Usoskin1
0.9205297,Consensus,Usoskin1
0.9293986,Consensus,Usoskin1
0.9206214,Consensus,Usoskin1
0.9465927,Consensus,Usoskin1
0.9070098,Consensus,Usoskin1
0.9312213,Consensus,Usoskin1
0.5299418,Individual,Usoskin2
0.8223514,Individual,Usoskin2
0.8434217,Individual,Usoskin2
0.4656462,Individual,Usoskin2
0.5235781,Individual,Usoskin2
0.8852942,Individual,Usoskin2
0.8934249,Individual,Usoskin2
0.8966492,Individual,Usoskin2
0.5036064,Individual,Usoskin2
0.6333169,Individual,Usoskin2
0.6198655,Individual,Usoskin2
0.6311056,Individual,Usoskin2
0.8637384,Individual,Usoskin2
0.6692042,Individual,Usoskin2
0.8042537,Individual,Usoskin2
0.4949014,Individual,Usoskin2
0.9054947,Individual,Usoskin2
0.6692827,Individual,Usoskin2
0.8652222,Individual,Usoskin2
0.6712878,Individual,Usoskin2
0.7668192,Individual,Usoskin2
0.8868704,Individual,Usoskin2
0.8193121,Individual,Usoskin2
0.8364687,Individual,Usoskin2
0.8955466,Individual,Usoskin2
0.8675257,Individual,Usoskin2
0.8633609,Individual,Usoskin2
0.8007527,Individual,Usoskin2
0.8940759,Individual,Usoskin2
0.8284821,Individual,Usoskin2
0.8386346,Individual,Usoskin2
0.8717809,Individual,Usoskin2
0.6713717,Individual,Usoskin2
0.6352833,Individual,Usoskin2
0.8852942,Individual,Usoskin2
0.7845905,Individual,Usoskin2
0.8255435,Individual,Usoskin2
0.8226684,Individual,Usoskin2
0.8766123,Individual,Usoskin2
0.6301865,Individual,Usoskin2
0.8643329,Individual,Usoskin2
0.839804,Individual,Usoskin2
0.6167366,Individual,Usoskin2
0.8735593,Individual,Usoskin2
0.8414302,Individual,Usoskin2
0.8840283,Individual,Usoskin2
0.8021437,Individual,Usoskin2
0.8234217,Individual,Usoskin2
0.5063914,Individual,Usoskin2
0.8411043,Individual,Usoskin2
0.5373256,Individual,Usoskin2
0.8204528,Individual,Usoskin2
0.8953265,Individual,Usoskin2
0.8860652,Individual,Usoskin2
0.8381048,Individual,Usoskin2
0.8858268,Individual,Usoskin2
0.7807572,Individual,Usoskin2
0.4882742,Individual,Usoskin2
0.6692873,Individual,Usoskin2
0.8334643,Individual,Usoskin2
0.8794076,Individual,Usoskin2
0.784163,Individual,Usoskin2
0.8709677,Individual,Usoskin2
0.8952159,Individual,Usoskin2
0.781936,Individual,Usoskin2
0.8208874,Individual,Usoskin2
0.8859812,Individual,Usoskin2
0.9135014,Individual,Usoskin2
0.6683975,Individual,Usoskin2
0.6681906,Individual,Usoskin2
0.6352833,Individual,Usoskin2
0.8410648,Individual,Usoskin2
0.6714816,Individual,Usoskin2
0.6683975,Individual,Usoskin2
0.8405155,Individual,Usoskin2
0.8059732,Individual,Usoskin2
0.8185998,Individual,Usoskin2
0.772477,Individual,Usoskin2
0.9003231,Individual,Usoskin2
0.5060643,Individual,Usoskin2
0.9097167,Individual,Usoskin2
0.8663984,Individual,Usoskin2
0.6353965,Individual,Usoskin2
0.8230722,Individual,Usoskin2
0.8191141,Individual,Usoskin2
0.8894708,Individual,Usoskin2
0.5057467,Individual,Usoskin2
0.8693346,Individual,Usoskin2
0.7795499,Individual,Usoskin2
0.6290725,Individual,Usoskin2
0.8839192,Individual,Usoskin2
0.8824301,Individual,Usoskin2
0.8301764,Individual,Usoskin2
0.6682875,Individual,Usoskin2
0.8781039,Individual,Usoskin2
0.9032203,Individual,Usoskin2
0.8352249,Individual,Usoskin2
0.8415534,Individual,Usoskin2
0.6290725,Individual,Usoskin2
0.5053156,Individual,Usoskin2
0.8827467,Consensus,Usoskin2
0.8799101,Consensus,Usoskin2
0.8698579,Consensus,Usoskin2
0.9019275,Consensus,Usoskin2
0.8726094,Consensus,Usoskin2
0.8757594,Consensus,Usoskin2
0.8990172,Consensus,Usoskin2
0.8916503,Consensus,Usoskin2
0.8797796,Consensus,Usoskin2
0.8735686,Consensus,Usoskin2
0.8956381,Consensus,Usoskin2
0.9019139,Consensus,Usoskin2
0.8745841,Consensus,Usoskin2
0.8712139,Consensus,Usoskin2
0.9082301,Consensus,Usoskin2
0.8799101,Consensus,Usoskin2
0.9030444,Consensus,Usoskin2
0.910917,Consensus,Usoskin2
0.8312934,Consensus,Usoskin2
0.8267965,Consensus,Usoskin2
0.894955,Consensus,Usoskin2
0.903294,Consensus,Usoskin2
0.8952274,Consensus,Usoskin2
0.8968952,Consensus,Usoskin2
0.8997005,Consensus,Usoskin2
0.9095437,Consensus,Usoskin2
0.8800508,Consensus,Usoskin2
0.8884245,Consensus,Usoskin2
0.9014271,Consensus,Usoskin2
0.8735395,Consensus,Usoskin2
0.8999024,Consensus,Usoskin2
0.9076448,Consensus,Usoskin2
0.8997405,Consensus,Usoskin2
0.8835825,Consensus,Usoskin2
0.904521,Consensus,Usoskin2
0.8942503,Consensus,Usoskin2
0.9003882,Consensus,Usoskin2
0.8944548,Consensus,Usoskin2
0.8876642,Consensus,Usoskin2
0.8929993,Consensus,Usoskin2
0.8975431,Consensus,Usoskin2
0.886526,Consensus,Usoskin2
0.8727761,Consensus,Usoskin2
0.8989889,Consensus,Usoskin2
0.911578,Consensus,Usoskin2
0.900432,Consensus,Usoskin2
0.882659,Consensus,Usoskin2
0.9132216,Consensus,Usoskin2
0.8754678,Consensus,Usoskin2
0.8714435,Consensus,Usoskin2
0.9032325,Consensus,Usoskin2
0.8990172,Consensus,Usoskin2
0.9026204,Consensus,Usoskin2
0.882659,Consensus,Usoskin2
0.8943271,Consensus,Usoskin2
0.8415594,Consensus,Usoskin2
0.8159835,Consensus,Usoskin2
0.9052932,Consensus,Usoskin2
0.8969802,Consensus,Usoskin2
0.9078045,Consensus,Usoskin2
0.8960099,Consensus,Usoskin2
0.8723155,Consensus,Usoskin2
0.8975438,Consensus,Usoskin2
0.9112429,Consensus,Usoskin2
0.9047086,Consensus,Usoskin2
0.9011417,Consensus,Usoskin2
0.7025081,Consensus,Usoskin2
0.9073675,Consensus,Usoskin2
0.8996768,Consensus,Usoskin2
0.9022377,Consensus,Usoskin2
0.8969203,Consensus,Usoskin2
0.8414141,Consensus,Usoskin2
0.9090176,Consensus,Usoskin2
0.8950179,Consensus,Usoskin2
0.8816327,Consensus,Usoskin2
0.8828025,Consensus,Usoskin2
0.8736452,Consensus,Usoskin2
0.8966013,Consensus,Usoskin2
0.8948418,Consensus,Usoskin2
0.883446,Consensus,Usoskin2
0.8756119,Consensus,Usoskin2
0.8851132,Consensus,Usoskin2
0.868017,Consensus,Usoskin2
0.8977629,Consensus,Usoskin2
0.906852,Consensus,Usoskin2
0.902592,Consensus,Usoskin2
0.9059624,Consensus,Usoskin2
0.9059992,Consensus,Usoskin2
0.9076448,Consensus,Usoskin2
0.8985467,Consensus,Usoskin2
0.8979561,Consensus,Usoskin2
0.9050045,Consensus,Usoskin2
0.9017103,Consensus,Usoskin2
0.8905852,Consensus,Usoskin2
0.8921784,Consensus,Usoskin2
0.9001015,Consensus,Usoskin2
0.9022703,Consensus,Usoskin2
0.9095053,Consensus,Usoskin2
0.8945767,Consensus,Usoskin2
0.8848179,Consensus,Usoskin2
0.5195239,Individual,Usoskin3
0.879457,Individual,Usoskin3
0.8777561,Individual,Usoskin3
0.8658321,Individual,Usoskin3
0.8519413,Individual,Usoskin3
0.8648539,Individual,Usoskin3
0.8626492,Individual,Usoskin3
0.8694935,Individual,Usoskin3
0.5365267,Individual,Usoskin3
0.862396,Individual,Usoskin3
0.5224053,Individual,Usoskin3
0.8490203,Individual,Usoskin3
0.8449597,Individual,Usoskin3
0.516029,Individual,Usoskin3
0.5232555,Individual,Usoskin3
0.8639424,Individual,Usoskin3
0.5089748,Individual,Usoskin3
0.886311,Individual,Usoskin3
0.5400417,Individual,Usoskin3
0.5169615,Individual,Usoskin3
0.8589939,Individual,Usoskin3
0.4824894,Individual,Usoskin3
0.8514234,Individual,Usoskin3
0.5236126,Individual,Usoskin3
0.8782904,Individual,Usoskin3
0.5083847,Individual,Usoskin3
0.5145805,Individual,Usoskin3
0.8592281,Individual,Usoskin3
0.8600908,Individual,Usoskin3
0.8730789,Individual,Usoskin3
0.4911134,Individual,Usoskin3
0.8754715,Individual,Usoskin3
0.8625127,Individual,Usoskin3
0.5107817,Individual,Usoskin3
0.4821386,Individual,Usoskin3
0.8849706,Individual,Usoskin3
0.8757404,Individual,Usoskin3
0.5245608,Individual,Usoskin3
0.4915675,Individual,Usoskin3
0.882717,Individual,Usoskin3
0.8529065,Individual,Usoskin3
0.8747512,Individual,Usoskin3
0.5345544,Individual,Usoskin3
0.87222,Individual,Usoskin3
0.8815874,Individual,Usoskin3
0.4959248,Individual,Usoskin3
0.5107724,Individual,Usoskin3
0.8839936,Individual,Usoskin3
0.8694569,Individual,Usoskin3
0.8560749,Individual,Usoskin3
0.8511251,Individual,Usoskin3
0.4999159,Individual,Usoskin3
0.4973461,Individual,Usoskin3
0.8747188,Individual,Usoskin3
0.8709742,Individual,Usoskin3
0.8729441,Individual,Usoskin3
0.8797499,Individual,Usoskin3
0.8582192,Individual,Usoskin3
0.5246337,Individual,Usoskin3
0.5027409,Individual,Usoskin3
0.5121277,Individual,Usoskin3
0.876675,Individual,Usoskin3
0.8575062,Individual,Usoskin3
0.4724352,Individual,Usoskin3
0.854965,Individual,Usoskin3
0.8808955,Individual,Usoskin3
0.5131698,Individual,Usoskin3
0.8757527,Individual,Usoskin3
0.8719821,Individual,Usoskin3
0.5168007,Individual,Usoskin3
0.8614456,Individual,Usoskin3
0.8780887,Individual,Usoskin3
0.5284276,Individual,Usoskin3
0.5182387,Individual,Usoskin3
0.8773693,Individual,Usoskin3
0.5297511,Individual,Usoskin3
0.8820825,Individual,Usoskin3
0.888771,Individual,Usoskin3
0.878319,Individual,Usoskin3
0.8511194,Individual,Usoskin3
0.5154517,Individual,Usoskin3
0.5044021,Individual,Usoskin3
0.8608954,Individual,Usoskin3
0.8537592,Individual,Usoskin3
0.8640968,Individual,Usoskin3
0.8531422,Individual,Usoskin3
0.871911,Individual,Usoskin3
0.8534143,Individual,Usoskin3
0.8628047,Individual,Usoskin3
0.8767877,Individual,Usoskin3
0.8518037,Individual,Usoskin3
0.8813908,Individual,Usoskin3
0.5165522,Individual,Usoskin3
0.5223222,Individual,Usoskin3
0.8676914,Individual,Usoskin3
0.5108245,Individual,Usoskin3
0.8553279,Individual,Usoskin3
0.8492933,Individual,Usoskin3
0.493921,Individual,Usoskin3
0.4663594,Individual,Usoskin3
0.6891525,Consensus,Usoskin3
0.8935294,Consensus,Usoskin3
0.6764085,Consensus,Usoskin3
0.8694706,Consensus,Usoskin3
0.8955009,Consensus,Usoskin3
0.8637362,Consensus,Usoskin3
0.8644166,Consensus,Usoskin3
0.8874125,Consensus,Usoskin3
0.8974629,Consensus,Usoskin3
0.6925983,Consensus,Usoskin3
0.8640247,Consensus,Usoskin3
0.8712092,Consensus,Usoskin3
0.8962731,Consensus,Usoskin3
0.8965722,Consensus,Usoskin3
0.8954444,Consensus,Usoskin3
0.9003432,Consensus,Usoskin3
0.8687051,Consensus,Usoskin3
0.8715835,Consensus,Usoskin3
0.8678575,Consensus,Usoskin3
0.9011805,Consensus,Usoskin3
0.6959429,Consensus,Usoskin3
0.8664999,Consensus,Usoskin3
0.8702148,Consensus,Usoskin3
0.8910338,Consensus,Usoskin3
0.8983845,Consensus,Usoskin3
0.8902929,Consensus,Usoskin3
0.8692123,Consensus,Usoskin3
0.6984616,Consensus,Usoskin3
0.8708432,Consensus,Usoskin3
0.872043,Consensus,Usoskin3
0.8923668,Consensus,Usoskin3
0.8683796,Consensus,Usoskin3
0.897807,Consensus,Usoskin3
0.8963075,Consensus,Usoskin3
0.8963866,Consensus,Usoskin3
0.8638283,Consensus,Usoskin3
0.8924683,Consensus,Usoskin3
0.8934609,Consensus,Usoskin3
0.873,Consensus,Usoskin3
0.8940598,Consensus,Usoskin3
0.896752,Consensus,Usoskin3
0.8641786,Consensus,Usoskin3
0.8713306,Consensus,Usoskin3
0.8987038,Consensus,Usoskin3
0.8684021,Consensus,Usoskin3
0.8702148,Consensus,Usoskin3
0.8960836,Consensus,Usoskin3
0.8951471,Consensus,Usoskin3
0.893586,Consensus,Usoskin3
0.8924994,Consensus,Usoskin3
0.8677886,Consensus,Usoskin3
0.8674016,Consensus,Usoskin3
0.8724333,Consensus,Usoskin3
0.8910572,Consensus,Usoskin3
0.894477,Consensus,Usoskin3
0.8711526,Consensus,Usoskin3
0.8683556,Consensus,Usoskin3
0.8951471,Consensus,Usoskin3
0.8919722,Consensus,Usoskin3
0.8687587,Consensus,Usoskin3
0.8696926,Consensus,Usoskin3
0.8689861,Consensus,Usoskin3
0.8697001,Consensus,Usoskin3
0.8960625,Consensus,Usoskin3
0.8939786,Consensus,Usoskin3
0.8906245,Consensus,Usoskin3
0.8694469,Consensus,Usoskin3
0.8637214,Consensus,Usoskin3
0.8687888,Consensus,Usoskin3
0.8665375,Consensus,Usoskin3
0.8714359,Consensus,Usoskin3
0.8982475,Consensus,Usoskin3
0.8705615,Consensus,Usoskin3
0.8720324,Consensus,Usoskin3
0.6749255,Consensus,Usoskin3
0.8922039,Consensus,Usoskin3
0.8972849,Consensus,Usoskin3
0.8902929,Consensus,Usoskin3
0.8943531,Consensus,Usoskin3
0.8713941,Consensus,Usoskin3
0.9026669,Consensus,Usoskin3
0.8681593,Consensus,Usoskin3
0.8657834,Consensus,Usoskin3
0.8634367,Consensus,Usoskin3
0.8694282,Consensus,Usoskin3
0.8653919,Consensus,Usoskin3
0.8704095,Consensus,Usoskin3
0.8754181,Consensus,Usoskin3
0.847066,Consensus,Usoskin3
0.6506071,Consensus,Usoskin3
0.8730683,Consensus,Usoskin3
0.8702835,Consensus,Usoskin3
0.8639508,Consensus,Usoskin3
0.8654765,Consensus,Usoskin3
0.8658857,Consensus,Usoskin3
0.8924994,Consensus,Usoskin3
0.8698822,Consensus,Usoskin3
0.8707562,Consensus,Usoskin3
0.8695158,Consensus,Usoskin3
0.6885654,Consensus,Usoskin3
0.7453006,Individual,Yan
0.6549331,Individual,Yan
0.7453006,Individual,Yan
0.6549331,Individual,Yan
0.6549331,Individual,Yan
0.6244671,Individual,Yan
0.6549331,Individual,Yan
0.7453006,Individual,Yan
0.6549331,Individual,Yan
0.7453006,Individual,Yan
0.7453006,Individual,Yan
0.6549331,Individual,Yan
0.7453006,Individual,Yan
0.6244671,Individual,Yan
0.6549331,Individual,Yan
0.6244671,Individual,Yan
0.7453006,Individual,Yan
0.7453006,Individual,Yan
0.6549331,Individual,Yan
0.6549331,Individual,Yan
0.7453006,Individual,Yan
0.6244671,Individual,Yan
0.6549331,Individual,Yan
0.6244671,Individual,Yan
0.6549331,Individual,Yan
0.7453006,Individual,Yan
0.6549331,Individual,Yan
0.6244671,Individual,Yan
0.6549331,Individual,Yan
0.6244671,Individual,Yan
0.6549331,Individual,Yan
0.7453006,Individual,Yan
0.6549331,Individual,Yan
0.6549331,Individual,Yan
0.7453006,Individual,Yan
0.6244671,Individual,Yan
0.6549331,Individual,Yan
0.6549331,Individual,Yan
0.6244671,Individual,Yan
0.7453006,Individual,Yan
0.6549331,Individual,Yan
0.6244671,Individual,Yan
0.6549331,Individual,Yan
0.7453006,Individual,Yan
0.6244671,Individual,Yan
0.6244671,Individual,Yan
0.6549331,Individual,Yan
0.7453006,Individual,Yan
0.7453006,Individual,Yan
0.6549331,Individual,Yan
0.6244671,Individual,Yan
0.6549331,Individual,Yan
0.6549331,Individual,Yan
0.6549331,Individual,Yan
0.7453006,Individual,Yan
0.7453006,Individual,Yan
0.6549331,Individual,Yan
0.6244671,Individual,Yan
0.6549331,Individual,Yan
0.7453006,Individual,Yan
0.6549331,Individual,Yan
0.7453006,Individual,Yan
0.6549331,Individual,Yan
0.6244671,Individual,Yan
0.6244671,Individual,Yan
0.6549331,Individual,Yan
0.6549331,Individual,Yan
0.6244671,Individual,Yan
0.6549331,Individual,Yan
0.7453006,Individual,Yan
0.6549331,Individual,Yan
0.7453006,Individual,Yan
0.7453006,Individual,Yan
0.6549331,Individual,Yan
0.6549331,Individual,Yan
0.7453006,Individual,Yan
0.6549331,Individual,Yan
0.7453006,Individual,Yan
0.6549331,Individual,Yan
0.6549331,Individual,Yan
0.7453006,Individual,Yan
0.6549331,Individual,Yan
0.6244671,Individual,Yan
0.6549331,Individual,Yan
0.7453006,Individual,Yan
0.7453006,Individual,Yan
0.6549331,Individual,Yan
0.7453006,Individual,Yan
0.6549331,Individual,Yan
0.6244671,Individual,Yan
0.7453006,Individual,Yan
0.6549331,Individual,Yan
0.6549331,Individual,Yan
0.6549331,Individual,Yan
0.7453006,Individual,Yan
0.6549331,Individual,Yan
0.6244671,Individual,Yan
0.6549331,Individual,Yan
0.7453006,Individual,Yan
0.6549331,Individual,Yan
0.6549331,Consensus,Yan
0.6549331,Consensus,Yan
0.6549331,Consensus,Yan
0.6549331,Consensus,Yan
0.6549331,Consensus,Yan
0.6549331,Consensus,Yan
0.6549331,Consensus,Yan
0.6549331,Consensus,Yan
0.6549331,Consensus,Yan
0.6549331,Consensus,Yan
0.6549331,Consensus,Yan
0.6549331,Consensus,Yan
0.6549331,Consensus,Yan
0.6549331,Consensus,Yan
0.6549331,Consensus,Yan
0.6549331,Consensus,Yan
0.6549331,Consensus,Yan
0.6549331,Consensus,Yan
0.6549331,Consensus,Yan
0.6549331,Consensus,Yan
0.6549331,Consensus,Yan
0.6549331,Consensus,Yan
0.6549331,Consensus,Yan
0.6549331,Consensus,Yan
0.6549331,Consensus,Yan
0.6549331,Consensus,Yan
0.6549331,Consensus,Yan
0.6549331,Consensus,Yan
0.6549331,Consensus,Yan
0.6549331,Consensus,Yan
0.6549331,Consensus,Yan
0.6549331,Consensus,Yan
0.6549331,Consensus,Yan
0.6549331,Consensus,Yan
0.6549331,Consensus,Yan
0.6549331,Consensus,Yan
0.6549331,Consensus,Yan
0.6549331,Consensus,Yan
0.6549331,Consensus,Yan
0.6549331,Consensus,Yan
0.6549331,Consensus,Yan
0.6549331,Consensus,Yan
0.6549331,Consensus,Yan
0.6549331,Consensus,Yan
0.6549331,Consensus,Yan
0.6549331,Consensus,Yan
0.6549331,Consensus,Yan
0.6549331,Consensus,Yan
0.6549331,Consensus,Yan
0.6549331,Consensus,Yan
0.6549331,Consensus,Yan
0.6549331,Consensus,Yan
0.6549331,Consensus,Yan
0.6549331,Consensus,Yan
0.6549331,Consensus,Yan
0.6549331,Consensus,Yan
0.6549331,Consensus,Yan
0.6549331,Consensus,Yan
0.6549331,Consensus,Yan
0.6549331,Consensus,Yan
0.6549331,Consensus,Yan
0.6549331,Consensus,Yan
0.6549331,Consensus,Yan
0.6549331,Consensus,Yan
0.6549331,Consensus,Yan
0.6549331,Consensus,Yan
0.6549331,Consensus,Yan
0.6549331,Consensus,Yan
0.6549331,Consensus,Yan
0.6549331,Consensus,Yan
0.6549331,Consensus,Yan
0.6549331,Consensus,Yan
0.6549331,Consensus,Yan
0.6549331,Consensus,Yan
0.6549331,Consensus,Yan
0.6549331,Consensus,Yan
0.6549331,Consensus,Yan
0.6549331,Consensus,Yan
0.6549331,Consensus,Yan
0.6549331,Consensus,Yan
0.6549331,Consensus,Yan
0.6549331,Consensus,Yan
0.6549331,Consensus,Yan
0.6549331,Consensus,Yan
0.6549331,Consensus,Yan
0.6549331,Consensus,Yan
0.6549331,Consensus,Yan
0.6549331,Consensus,Yan
0.6549331,Consensus,Yan
0.6549331,Consensus,Yan
0.6549331,Consensus,Yan
0.6549331,Consensus,Yan
0.6549331,Consensus,Yan
0.6549331,Consensus,Yan
0.6549331,Consensus,Yan
0.6549331,Consensus,Yan
0.6549331,Consensus,Yan
0.6549331,Consensus,Yan
0.6549331,Consensus,Yan
0.6549331,Consensus,Yan
0.7792544,Individual,Zeisel
0.8479348,Individual,Zeisel
0.7412536,Individual,Zeisel
0.6956989,Individual,Zeisel
0.8490976,Individual,Zeisel
0.6345948,Individual,Zeisel
0.6824382,Individual,Zeisel
0.700951,Individual,Zeisel
0.7310496,Individual,Zeisel
0.7355462,Individual,Zeisel
0.6691636,Individual,Zeisel
0.7104622,Individual,Zeisel
0.7154787,Individual,Zeisel
0.7221246,Individual,Zeisel
0.727092,Individual,Zeisel
0.7317415,Individual,Zeisel
0.6688687,Individual,Zeisel
0.7968342,Individual,Zeisel
0.7502148,Individual,Zeisel
0.5657436,Individual,Zeisel
0.8203963,Individual,Zeisel
0.8059343,Individual,Zeisel
0.8254505,Individual,Zeisel
0.7145316,Individual,Zeisel
0.8026556,Individual,Zeisel
0.7998933,Individual,Zeisel
0.7830754,Individual,Zeisel
0.6878984,Individual,Zeisel
0.8280206,Individual,Zeisel
0.8468314,Individual,Zeisel
0.7959246,Individual,Zeisel
0.7813717,Individual,Zeisel
0.748289,Individual,Zeisel
0.8571213,Individual,Zeisel
0.8022636,Individual,Zeisel
0.64689,Individual,Zeisel
0.8163104,Individual,Zeisel
0.8465528,Individual,Zeisel
0.8047393,Individual,Zeisel
0.7324447,Individual,Zeisel
0.6058236,Individual,Zeisel
0.8503558,Individual,Zeisel
0.7595577,Individual,Zeisel
0.8139202,Individual,Zeisel
0.8090332,Individual,Zeisel
0.7713595,Individual,Zeisel
0.6584491,Individual,Zeisel
0.7344688,Individual,Zeisel
0.6456681,Individual,Zeisel
0.7438757,Individual,Zeisel
0.6686911,Individual,Zeisel
0.6924649,Individual,Zeisel
0.8228936,Individual,Zeisel
0.7851407,Individual,Zeisel
0.8097209,Individual,Zeisel
0.7769067,Individual,Zeisel
0.8051253,Individual,Zeisel
0.6874195,Individual,Zeisel
0.801591,Individual,Zeisel
0.8458331,Individual,Zeisel
0.8098214,Individual,Zeisel
0.6996509,Individual,Zeisel
0.7317993,Individual,Zeisel
0.7863159,Individual,Zeisel
0.7748161,Individual,Zeisel
0.7286132,Individual,Zeisel
0.7133549,Individual,Zeisel
0.8043439,Individual,Zeisel
0.7443335,Individual,Zeisel
0.7868592,Individual,Zeisel
0.7281673,Individual,Zeisel
0.8038615,Individual,Zeisel
0.7233567,Individual,Zeisel
0.635432,Individual,Zeisel
0.7909963,Individual,Zeisel
0.6159479,Individual,Zeisel
0.8126271,Individual,Zeisel
0.7234456,Individual,Zeisel
0.7616712,Individual,Zeisel
0.7325824,Individual,Zeisel
0.6209055,Individual,Zeisel
0.7957054,Individual,Zeisel
0.8052553,Individual,Zeisel
0.7517704,Individual,Zeisel
0.7300881,Individual,Zeisel
0.8322928,Individual,Zeisel
0.7605414,Individual,Zeisel
0.7937618,Individual,Zeisel
0.8387886,Individual,Zeisel
0.8064922,Individual,Zeisel
0.7992001,Individual,Zeisel
0.798445,Individual,Zeisel
0.6462684,Individual,Zeisel
0.6868558,Individual,Zeisel
0.7719537,Individual,Zeisel
0.7363781,Individual,Zeisel
0.6894665,Individual,Zeisel
0.7726607,Individual,Zeisel
0.6644077,Individual,Zeisel
0.6426639,Individual,Zeisel
0.8092522,Consensus,Zeisel
0.8329037,Consensus,Zeisel
0.8317878,Consensus,Zeisel
0.8564094,Consensus,Zeisel
0.7998767,Consensus,Zeisel
0.8170666,Consensus,Zeisel
0.8041892,Consensus,Zeisel
0.8020097,Consensus,Zeisel
0.8329867,Consensus,Zeisel
0.827157,Consensus,Zeisel
0.8049828,Consensus,Zeisel
0.8016557,Consensus,Zeisel
0.8309542,Consensus,Zeisel
0.7973147,Consensus,Zeisel
0.8012335,Consensus,Zeisel
0.7995959,Consensus,Zeisel
0.801589,Consensus,Zeisel
0.8028783,Consensus,Zeisel
0.8286472,Consensus,Zeisel
0.8566574,Consensus,Zeisel
0.7788128,Consensus,Zeisel
0.833459,Consensus,Zeisel
0.8611468,Consensus,Zeisel
0.8585986,Consensus,Zeisel
0.8238414,Consensus,Zeisel
0.8232689,Consensus,Zeisel
0.8035704,Consensus,Zeisel
0.8178253,Consensus,Zeisel
0.8018778,Consensus,Zeisel
0.7951279,Consensus,Zeisel
0.7988449,Consensus,Zeisel
0.7915699,Consensus,Zeisel
0.7974477,Consensus,Zeisel
0.8037222,Consensus,Zeisel
0.8007365,Consensus,Zeisel
0.829431,Consensus,Zeisel
0.8349991,Consensus,Zeisel
0.8527276,Consensus,Zeisel
0.8224631,Consensus,Zeisel
0.8176134,Consensus,Zeisel
0.7962792,Consensus,Zeisel
0.8592445,Consensus,Zeisel
0.8270677,Consensus,Zeisel
0.7961691,Consensus,Zeisel
0.8223738,Consensus,Zeisel
0.7863197,Consensus,Zeisel
0.8259587,Consensus,Zeisel
0.7969959,Consensus,Zeisel
0.8038915,Consensus,Zeisel
0.82582,Consensus,Zeisel
0.8011965,Consensus,Zeisel
0.8215904,Consensus,Zeisel
0.8215207,Consensus,Zeisel
0.7525424,Consensus,Zeisel
0.8237075,Consensus,Zeisel
0.8268279,Consensus,Zeisel
0.8001592,Consensus,Zeisel
0.802535,Consensus,Zeisel
0.8254669,Consensus,Zeisel
0.7979286,Consensus,Zeisel
0.7542552,Consensus,Zeisel
0.8261492,Consensus,Zeisel
0.8155008,Consensus,Zeisel
0.8155812,Consensus,Zeisel
0.7989579,Consensus,Zeisel
0.8258407,Consensus,Zeisel
0.8061056,Consensus,Zeisel
0.8494937,Consensus,Zeisel
0.7965438,Consensus,Zeisel
0.8232811,Consensus,Zeisel
0.796411,Consensus,Zeisel
0.8020408,Consensus,Zeisel
0.7602827,Consensus,Zeisel
0.8010013,Consensus,Zeisel
0.7992607,Consensus,Zeisel
0.8046779,Consensus,Zeisel
0.7635732,Consensus,Zeisel
0.7895223,Consensus,Zeisel
0.8260622,Consensus,Zeisel
0.8576087,Consensus,Zeisel
0.8278798,Consensus,Zeisel
0.855239,Consensus,Zeisel
0.8529529,Consensus,Zeisel
0.8043033,Consensus,Zeisel
0.7957021,Consensus,Zeisel
0.8026398,Consensus,Zeisel
0.8236968,Consensus,Zeisel
0.8236743,Consensus,Zeisel
